PRECINCT,HOUR,INCIDENT_COUNT,AVG_SEVERITY,SAFETY_INDEX
1.0,0,363,2.330578512396694,47.83837829943485
1.0,1,310,2.3129032258064517,48.29168041951901
1.0,2,292,2.3493150684931505,48.42602061660951
1.0,3,253,2.3043478260869565,48.97496976148479
1.0,4,216,2.3564814814814814,49.506506076560015
1.0,5,174,2.3850574712643677,50.45503271735299
1.0,6,200,2.22,50.11956209858873
1.0,7,657,2.0639269406392695,46.890772560650156
1.0,8,880,2.0568181818181817,46.49649219820255
1.0,9,853,2.118405627198124,46.49844731220419
1.0,10,875,2.104,46.47666246417579
1.0,11,1056,2.141098484848485,46.26159114535957
1.0,12,1219,2.136177194421657,46.13741443901617
1.0,13,1185,2.1713080168776373,46.147276518226626
1.0,14,1315,2.1863117870722433,46.060256961562
1.0,15,1285,2.2171206225680935,46.067022939983325
1.0,16,1241,2.2288477034649476,46.08947318194323
1.0,17,1263,2.204275534441805,46.08449078118421
1.0,18,1079,2.2428174235403153,46.199651494264955
1.0,19,879,2.174061433447099,46.43425218580116
1.0,20,712,2.140449438202247,46.7174910665917
1.0,21,479,2.1899791231732775,47.350807435486395
1.0,22,437,2.2265446224256293,47.50952055305194
1.0,23,344,2.244186046511628,48.079886351483545
5.0,0,337,2.391691394658754,47.96341633590564
5.0,1,261,2.2796934865900385,48.90123313163062
5.0,2,253,2.3399209486166006,48.91938704007867
5.0,3,208,2.389423076923077,49.607616198379205
5.0,4,149,2.4496644295302015,51.15861776568237
5.0,5,101,2.3366336633663365,54.35068772859031
5.0,6,120,2.283333333333333,53.098098740146554
5.0,7,180,2.1166666666666667,50.91337867272137
5.0,8,399,2.0776942355889725,47.89004510208029
5.0,9,581,2.1686746987951806,47.01053718511504
5.0,10,589,2.0509337860780983,47.083357645934136
5.0,11,573,2.162303664921466,47.03920964817549
5.0,12,696,2.2370689655172415,46.687847673099455
5.0,13,622,2.1768488745980705,46.89309443760156
5.0,14,694,2.2377521613832854,46.69137371510474
5.0,15,813,2.3640836408364083,46.427868578343414
5.0,16,654,2.2507645259938838,46.76689916340301
5.0,17,644,2.2857142857142856,46.76689916340301
5.0,18,585,2.258119658119658,46.93242045948706
5.0,19,481,2.264033264033264,47.27617215280731
5.0,20,450,2.1533333333333333,47.518563519774354
5.0,21,346,2.2254335260115607,48.087057843657405
5.0,22,293,2.273037542662116,48.51932868724198
5.0,23,315,2.295238095238095,48.26700972611677
6.0,0,498,2.427710843373494,47.08189817878659
6.0,1,522,2.42911877394636,46.99986415470137
6.0,2,381,2.477690288713911,47.576818330558936
6.0,3,323,2.4953560371517027,47.96341633590564
6.0,4,224,2.482142857142857,49.15251456942954
6.0,5,142,2.464788732394366,51.40889301858811
6.0,6,164,2.4878048780487805,50.54315329570993
6.0,7,244,2.2459016393442623,49.20848030234752
6.0,8,325,2.193846153846154,48.30835822347397
6.0,9,470,2.2,47.38028440218278
6.0,10,516,2.2306201550387597,47.170739278895894
6.0,11,571,2.2049036777583186,47.01188085097729
6.0,12,657,2.26027397260274,46.75422274260496
6.0,13,665,2.2090225563909773,46.769856353257715
6.0,14,724,2.2140883977900554,46.648562989884645
6.0,15,782,2.29156010230179,46.50832107432184
6.0,16,794,2.301007556675063,46.48553449942197
6.0,17,788,2.266497461928934,46.512317017915706
6.0,18,747,2.3078982597054885,46.55523709883727
6.0,19,650,2.2753846153846156,46.7600457076275
6.0,20,623,2.308186195826645,46.80113648479456
6.0,21,512,2.3046875,47.125227037356844
6.0,22,504,2.2777777777777777,47.17557867980447
6.0,23,462,2.324675324675325,47.30350888867685
7.0,0,416,2.2860576923076925,47.56019825141901
7.0,1,384,2.3619791666666665,47.66892901329586
7.0,2,380,2.418421052631579,47.638242608742026
7.0,3,310,2.3548387096774195,48.23873981511542
7.0,4,243,2.3127572016460904,49.11158589286497
7.0,5,149,2.261744966442953,51.64382003639973
7.0,6,140,2.257142857142857,52.064149535161995
7.0,7,220,2.059090909090909,50.02418394824356
7.0,8,423,2.0401891252955084,47.78874703710221
7.0,9,430,2.0209302325581397,47.771693744771575
7.0,10,501,2.0459081836327346,47.39838469763518
7.0,11,397,2.0806045340050376,47.899383539989
7.0,12,507,2.1025641025641026,47.31840305020877
7.0,13,470,2.125531914893617,47.45250641301081
7.0,14,549,2.07103825136612,47.193541639318816
7.0,15,629,2.101748807631161,46.931199915920544
7.0,16,675,2.128888888888889,46.80216799114129
7.0,17,684,2.1476608187134505,46.769856353257715
7.0,18,563,2.172291296625222,47.061716242237665
7.0,19,539,2.150278293135436,47.157956691048796
7.0,20,540,2.1055555555555556,47.193541639318816
7.0,21,402,2.1218905472636815,47.81770231462336
7.0,22,394,2.1522842639593907,47.8324360436922
7.0,23,358,2.1620111731843576,48.07275192128475
9.0,0,426,2.356807511737089,47.44188069314795
9.0,1,431,2.37122969837587,47.404488972096296
9.0,2,395,2.4936708860759493,47.482832325374744
9.0,3,276,2.4094202898550723,48.52414141930618
9.0,4,174,2.4195402298850577,50.38183313275245
9.0,5,141,2.354609929078014,51.73907543055412
9.0,6,140,2.2714285714285714,52.021726342265055
9.0,7,265,2.086792452830189,49.173311962041915
9.0,8,435,2.108045977011494,47.64330123631933
9.0,9,424,2.0919811320754715,47.72191812600718
9.0,10,583,2.1200686106346485,47.04338524959206
9.0,11,546,2.141025641025641,47.142224485518426
9.0,12,637,2.1444270015698588,46.879265161703586
9.0,13,574,2.177700348432056,47.024070587679574
9.0,14,643,2.139968895800933,46.86792502146263
9.0,15,673,2.138187221396731,46.800106412091125
9.0,16,600,2.1616666666666666,46.9622781358776
9.0,17,747,2.215528781793842,46.60678386087106
9.0,18,584,2.183219178082192,46.990635122520146
9.0,19,586,2.1587030716723548,47.00385072139739
9.0,20,516,2.1569767441860463,47.23396600103893
9.0,21,479,2.210855949895616,47.331620036327394
9.0,22,439,2.2596810933940774,47.467562372526174
9.0,23,438,2.2990867579908674,47.43555591014319
10.0,0,384,2.3229166666666665,47.708448079698556
10.0,1,284,2.214788732394366,48.70759144151807
10.0,2,236,2.3008474576271185,49.244296310062055
10.0,3,211,2.3175355450236967,49.67777986846233
10.0,4,189,2.4285714285714284,49.96267647002532
10.0,5,111,2.3063063063063063,53.64507633296204
10.0,6,123,2.2845528455284554,52.90430992118147
10.0,7,181,2.0994475138121547,50.92810108537446
10.0,8,294,2.193877551020408,48.623529932632
10.0,9,374,2.1310160427807485,47.99327956080177
10.0,10,420,2.107142857142857,47.7273487616263
10.0,11,361,2.085872576177285,48.149553636014446
10.0,12,533,2.148217636022514,47.18044344001911
10.0,13,391,2.125319693094629,47.88385693544363
10.0,14,475,2.122105263157895,47.43345601525669
10.0,15,509,2.2337917485265226,47.193541639318816
10.0,16,503,2.20675944333996,47.23914195816458
10.0,17,496,2.276209677419355,47.2068254641179
10.0,18,529,2.1625708884688093,47.18207069664102
10.0,19,510,2.180392156862745,47.23568821698901
10.0,20,507,2.222879684418146,47.21017588754216
10.0,21,431,2.2320185614849186,47.53456966487475
10.0,22,384,2.2604166666666665,47.77451958795156
10.0,23,356,2.235955056179775,47.99663938202822
13.0,0,493,2.3002028397565923,47.19850110962244
13.0,1,411,2.2773722627737225,47.5961171037727
13.0,2,339,2.2949852507374633,48.05859310351232
13.0,3,291,2.350515463917526,48.43510587611846
13.0,4,262,2.4236641221374047,48.67557194945221
13.0,5,156,2.128205128205128,51.73907543055412
13.0,6,197,2.0862944162436547,50.50501978161386
13.0,7,435,2.1149425287356323,47.63572154271573
13.0,8,656,2.051829268292683,46.90245094620811
13.0,9,645,2.142635658914729,46.86119971108529
13.0,10,696,2.086206896551724,46.7868445807426
13.0,11,809,2.1100123609394315,46.56755015037969
13.0,12,963,2.1931464174454827,46.32809998193194
13.0,13,929,2.1829924650161465,46.369902744190426
13.0,14,1004,2.164342629482072,46.29976886128749
13.0,15,1120,2.1678571428571427,46.19674938675353
13.0,16,1053,2.173789173789174,46.25005928871356
13.0,17,1071,2.1746031746031744,46.23406620285414
13.0,18,941,2.1987247608926674,46.349074964555186
13.0,19,816,2.1813725490196076,46.51633990045515
13.0,20,728,2.1826923076923075,46.6602784183017
13.0,21,565,2.184070796460177,47.04618026318209
13.0,22,512,2.19140625,47.218604203152644
13.0,23,462,2.24025974025974,47.37829268958603
14.0,0,1025,2.3180487804878047,46.21596241333378
14.0,1,759,2.3069828722002637,46.53617248928513
14.0,2,641,2.363494539781591,46.72579975492067
14.0,3,505,2.388118811881188,47.086283841259814
14.0,4,418,2.45933014354067,47.39231605123513
14.0,5,306,2.3986928104575163,48.22282767369544
14.0,6,417,2.338129496402878,47.50502689420373
14.0,7,579,2.243523316062176,46.95974785678395
14.0,8,915,2.1846994535519126,46.385150460803544
14.0,9,1096,2.229014598540146,46.19135916455416
14.0,10,1350,2.1725925925925926,46.04559589247683
14.0,11,1325,2.200754716981132,46.04983268207724
14.0,12,1586,2.210592686002522,45.92682276127235
14.0,13,1626,2.2601476014760147,45.89886483159987
14.0,14,1816,2.2334801762114536,45.844382304369454
14.0,15,1942,2.238928939237899,45.80908976333272
14.0,16,1993,2.283492222779729,45.78722286299143
14.0,17,2096,2.2900763358778624,45.7629266361972
14.0,18,2088,2.3520114942528734,45.752889741541736
14.0,19,1759,2.32802728823195,45.839377347799726
14.0,20,1733,2.307559145989613,45.85187284327163
14.0,21,1348,2.3108308605341246,46.00313502792372
14.0,22,1097,2.3181403828623517,46.15704940049574
14.0,23,1101,2.3251589464123525,46.15148331138983
17.0,0,279,2.2795698924731185,48.67029410340677
17.0,1,163,2.233128834355828,51.17466105112505
17.0,2,154,2.4220779220779223,51.03336830935778
17.0,3,126,2.3015873015873014,52.66889946425148
17.0,4,97,2.4948453608247423,54.12675816171324
17.0,5,93,2.3010752688172045,55.279193191248815
17.0,6,105,2.1714285714285713,54.66759389925844
17.0,7,205,2.1658536585365855,50.11956209858873
17.0,8,300,2.11,48.68617766851984
17.0,9,405,2.1358024691358026,47.78303631994024
17.0,10,396,2.1944444444444446,47.771693744771575
17.0,11,336,2.1458333333333335,48.27518766748034
17.0,12,447,2.272930648769575,47.41680566761331
17.0,13,386,2.1709844559585494,47.86243096229773
17.0,14,400,2.1625,47.78303631994024
17.0,15,412,2.233009708737864,47.63572154271573
17.0,16,447,2.2170022371364655,47.46973058696409
17.0,17,447,2.21923937360179,47.467562372526174
17.0,18,413,2.2203389830508473,47.64330123631933
17.0,19,374,2.2245989304812834,47.88077400867573
17.0,20,335,2.208955223880597,48.19928200497263
17.0,21,254,2.1968503937007875,49.138773878731044
17.0,22,244,2.2540983606557377,49.19433623530097
17.0,23,235,2.272340425531915,49.310455317570714
18.0,0,667,2.2863568215892056,46.716573932688725
18.0,1,539,2.3172541743970316,47.02543584686543
18.0,2,469,2.3347547974413647,47.26544716492644
18.0,3,442,2.31447963800905,47.40245023592079
18.0,4,287,2.3797909407665507,48.439668458858684
18.0,5,205,2.2390243902439027,49.96267647002532
18.0,6,207,2.1449275362318843,50.11956209858873
18.0,7,394,2.0609137055837565,47.94387529301384
18.0,8,629,2.077901430842607,46.94970417817807
18.0,9,744,2.138440860215054,46.65859216242018
18.0,10,805,2.1229813664596273,46.56608884167772
18.0,11,916,2.156113537117904,46.39810789184664
18.0,12,1079,2.2094531974050047,46.212952008807655
18.0,13,1055,2.2208530805687206,46.228597632330754
18.0,14,1201,2.2597835137385514,46.104238026639074
18.0,15,1260,2.242857142857143,46.07311200747625
18.0,16,1273,2.2992930086410057,46.04708561033388
18.0,17,1313,2.3115003808073116,46.02117188231252
18.0,18,1468,2.309264305177112,45.94762614298915
18.0,19,1272,2.289308176100629,46.05083676287055
18.0,20,1008,2.2529761904761907,46.25743998163957
18.0,21,864,2.247685185185185,46.4164472939583
18.0,22,823,2.245443499392467,46.472276855843866
18.0,23,690,2.236231884057971,46.70026880162811
19.0,0,407,2.3366093366093366,47.56019825141901
19.0,1,291,2.3092783505154637,48.49075309061079
19.0,2,217,2.3824884792626726,49.44170693981709
19.0,3,203,2.399014778325123,49.69568096909442
19.0,4,167,2.461077844311377,50.50501978161386
19.0,5,160,2.4375,50.78427443868661
19.0,6,217,2.230414746543779,49.72281001313086
19.0,7,463,2.0950323974082075,47.51629578610917
19.0,8,901,2.09322974472808,46.44903731731299
19.0,9,845,2.1704142011834318,46.481081550433906
19.0,10,1009,2.21209117938553,46.27383986809412
19.0,11,1005,2.1960199004975123,46.28465747121539
19.0,12,1331,2.3230653643876784,46.00822502881558
19.0,13,1070,2.236448598130841,46.209589363049886
19.0,14,1131,2.239610963748895,46.160358470910055
19.0,15,1183,2.260355029585799,46.115986361150526
19.0,16,1114,2.2378815080789947,46.17386022151353
19.0,17,1147,2.2432432432432434,46.147276518226626
19.0,18,1017,2.1946902654867255,46.27383986809412
19.0,19,806,2.2506203473945408,46.493895438922166
19.0,20,743,2.1184387617765816,46.67306193056746
19.0,21,515,2.153398058252427,47.24087350017866
19.0,22,466,2.2124463519313307,47.38628272188492
19.0,23,343,2.2332361516034984,48.101513175141
20.0,0,217,2.3225806451612905,49.54805016596489
20.0,1,152,2.3815789473684212,51.20701353281884
20.0,2,115,2.356521739130435,53.18421575352956
20.0,3,100,2.46,53.98354033574308
20.0,4,83,2.4819277108433737,55.66600217480999
20.0,5,92,2.3369565217391304,55.23286606879905
20.0,6,88,2.2954545454545454,55.87089604233992
20.0,7,150,2.1666666666666665,51.87735695351424
20.0,8,350,2.14,48.16467081503429
20.0,9,391,2.161125319693095,47.84135997568915
20.0,10,432,2.2291666666666665,47.532268826037445
20.0,11,434,2.2027649769585254,47.54847578077638
20.0,12,575,2.217391304347826,46.990635122520146
20.0,13,475,2.1621052631578945,47.39433499396802
20.0,14,508,2.1692913385826773,47.25308228552295
20.0,15,533,2.2420262664165103,47.1025529975308
20.0,16,561,2.306595365418895,46.96608821996878
20.0,17,493,2.2981744421906694,47.20016010277784
20.0,18,512,2.240234375,47.17719743901567
20.0,19,508,2.1653543307086616,47.25659904992472
20.0,20,420,2.2285714285714286,47.5961171037727
20.0,21,333,2.24024024024024,48.17611508695313
20.0,22,292,2.2739726027397262,48.528968647551295
20.0,23,206,2.2475728155339807,49.92255712138189
22.0,0,24,2.25,84.79128601110166
22.0,1,11,2.3636363636363638,100.0
22.0,2,6,2.3333333333333335,100.0
22.0,4,4,2.5,100.0
22.0,5,11,2.272727272727273,100.0
22.0,6,11,2.1818181818181817,100.0
22.0,7,17,2.3529411764705883,98.60663446239528
22.0,8,29,1.9310344827586208,83.3815565772962
22.0,9,32,1.9375,79.69806999219158
22.0,10,18,2.111111111111111,100.0
22.0,11,44,1.9772727272727273,69.81898719689184
22.0,12,46,1.9565217391304348,69.00231635248039
22.0,13,39,2.230769230769231,69.81898719689184
22.0,14,52,2.3461538461538463,62.79026271630153
22.0,15,45,2.022222222222222,68.74205861085477
22.0,16,45,1.9777777777777779,69.26842258268186
22.0,17,63,2.2857142857142856,60.12102091950592
22.0,18,43,1.9767441860465116,70.39546073412345
22.0,19,40,2.0,71.96274816347187
22.0,20,38,2.3947368421052633,68.74205861085477
22.0,21,28,2.2142857142857144,79.69806999219158
22.0,22,26,2.4615384615384617,78.62371973820274
22.0,23,17,2.588235294117647,93.76229149895465
23.0,0,560,2.1982142857142857,47.05038981248826
23.0,1,422,2.2298578199052135,47.584016916529215
23.0,2,336,2.1339285714285716,48.29168041951901
23.0,3,221,2.248868778280543,49.607616198379205
23.0,4,216,2.199074074074074,49.80625324120926
23.0,5,211,2.156398104265403,50.003501213809734
23.0,6,223,2.1748878923766815,49.71372970766986
23.0,7,356,1.9662921348314606,48.36387744156829
23.0,8,516,1.9767441860465116,47.408578437013055
23.0,9,479,1.9958246346555324,47.54847578077638
23.0,10,578,1.9982698961937717,47.1643258506211
23.0,11,591,2.0,47.1221705819037
23.0,12,651,2.0737327188940093,46.8977588304106
23.0,13,661,1.9773071104387292,46.94970417817807
23.0,14,729,2.0027434842249656,46.77880083983195
23.0,15,790,2.0544303797468353,46.63217727053361
23.0,16,783,2.077905491698595,46.628948468060386
23.0,17,763,2.074705111402359,46.66536275141763
23.0,18,756,2.085978835978836,46.67048577318125
23.0,19,799,2.07008760951189,46.6075625319692
23.0,20,736,2.110054347826087,46.69137371510474
23.0,21,678,2.1769911504424777,46.76297494308091
23.0,22,625,2.1568,46.90010140751129
23.0,23,533,2.1669793621013134,47.1643258506211
24.0,0,341,2.302052785923754,48.03416237908844
24.0,1,234,2.217948717948718,49.42581929020141
24.0,2,178,2.365168539325843,50.38183313275245
24.0,3,162,2.3271604938271606,50.9727369412431
24.0,4,106,2.3962264150943398,53.710637076807814
24.0,5,99,2.282828282828283,54.75032604115853
24.0,6,115,2.121739130434783,54.054562290425004
24.0,7,180,2.0388888888888888,51.12679348284241
24.0,8,381,2.0183727034120733,48.09065757835065
24.0,9,384,2.1484375,47.90251144505014
24.0,10,495,2.1676767676767676,47.30535851311686
24.0,11,438,2.095890410958904,47.6407691672869
24.0,12,596,2.139261744966443,46.990635122520146
24.0,13,569,2.110720562390158,47.09364196772406
24.0,14,527,2.127134724857685,47.22029888855728
24.0,15,619,2.150242326332795,46.92029755494207
24.0,16,647,2.1622874806800616,46.84245793596654
24.0,17,594,2.1481481481481484,46.98932495539007
24.0,18,524,2.133587786259542,47.225401134596666
24.0,19,501,2.1157684630738522,47.32972120786345
24.0,20,481,2.1663201663201663,47.36445774162513
24.0,21,396,2.1893939393939394,47.777351949800924
24.0,22,395,2.169620253164557,47.806039115323124
24.0,23,296,2.222972972972973,48.55824013797382
25.0,0,592,2.320945945945946,46.87017984410734
25.0,1,427,2.259953161592506,47.52768145409653
25.0,2,325,2.292307692307692,48.17995032617784
25.0,3,297,2.3265993265993266,48.4035375576221
25.0,4,218,2.403669724770642,49.38663076514747
25.0,5,181,2.281767955801105,50.479905215429525
25.0,6,248,2.2298387096774195,49.173311962041915
25.0,7,362,2.1187845303867405,48.09788520733058
25.0,8,536,2.0671641791044775,47.242608167719844
25.0,9,581,1.9896729776247848,47.162729428487815
25.0,10,683,2.060029282576867,46.83379498744391
25.0,11,656,2.0365853658536586,46.914304157897185
25.0,12,805,2.0645962732919254,46.601359399996056
25.0,13,822,2.0839416058394162,46.56317646111233
25.0,14,917,2.0959651035986915,46.427868578343414
25.0,15,1079,2.1566265060240966,46.23485279876157
25.0,16,1082,2.1857670979667283,46.220134974025804
25.0,17,931,2.201933404940924,46.35862328109183
25.0,18,944,2.1927966101694913,46.34857727706726
25.0,19,1012,2.2371541501976284,46.26034194578252
25.0,20,926,2.237580993520518,46.34758334327139
25.0,21,754,2.259946949602122,46.569748545249105
25.0,22,701,2.2781740370898715,46.653558736128865
25.0,23,554,2.324909747292419,46.973761634667945
26.0,0,273,2.2344322344322345,48.81314203489909
26.0,1,201,2.1393034825870645,50.27586396667376
26.0,2,138,2.2318840579710146,52.23935181232079
26.0,3,157,2.2738853503184715,51.289480643018706
26.0,4,116,2.3189655172413794,53.24269422110562
26.0,5,104,2.3461538461538463,54.054562290425004
26.0,6,113,2.168141592920354,54.018906370319385
26.0,7,163,2.079754601226994,51.60650464895518
26.0,8,212,2.0849056603773586,50.141284724082126
26.0,9,233,2.184549356223176,49.506506076560015
26.0,10,262,2.1297709923664123,49.138773878731044
26.0,11,270,2.0555555555555554,49.15942205178068
26.0,12,321,2.208722741433022,48.32522421139456
26.0,13,337,2.1543026706231454,48.25482729693673
26.0,14,375,2.168,47.940646494208835
26.0,15,365,2.2054794520547945,47.966701496739624
26.0,16,420,2.2071428571428573,47.618226377939926
26.0,17,419,2.2744630071599046,47.55549450244341
26.0,18,406,2.2019704433497536,47.70310224923961
26.0,19,347,2.1844380403458215,48.13088152670398
26.0,20,394,2.1573604060913705,47.82652175150597
26.0,21,341,2.2404692082111435,48.10879760265564
26.0,22,289,2.2110726643598615,48.65455967975016
26.0,23,276,2.278985507246377,48.70759144151807
28.0,0,335,2.256716417910448,48.13832073215942
28.0,1,229,2.2183406113537116,49.51474947067815
28.0,2,183,2.3224043715846996,50.33418163846347
28.0,3,139,2.2661870503597124,52.085563146814735
28.0,4,124,2.282258064516129,52.85070251442082
28.0,5,141,2.3333333333333335,51.79761841139916
28.0,6,151,2.1324503311258276,51.93846094502634
28.0,7,240,2.0166666666666666,49.72281001313086
28.0,8,346,2.0260115606936417,48.359533624767984
28.0,9,369,2.062330623306233,48.11979603526316
28.0,10,518,2.1216216216216215,47.258362232077026
28.0,11,550,2.1,47.1643258506211
28.0,12,636,2.1320754716981134,46.890772560650156
28.0,13,602,2.101328903654485,47.00385072139739
28.0,14,705,2.1163120567375886,46.74748847575081
28.0,15,701,2.1512125534950073,46.732330633722135
28.0,16,794,2.1964735516372795,46.54105848376515
28.0,17,761,2.2155059132720103,46.58310320732065
28.0,18,681,2.1483113069016153,46.77580711671107
28.0,19,605,2.1586776859504133,46.950952908892944
28.0,20,530,2.1943396226415093,47.15163134340821
28.0,21,419,2.2291169451073984,47.60099345332136
28.0,22,407,2.2751842751842752,47.62070949296519
28.0,23,349,2.160458452722063,48.14579940289579
30.0,0,372,2.252688172043011,47.86243096229773
30.0,1,270,2.303703703703704,48.745728269554704
30.0,2,199,2.2562814070351758,50.066102185069354
30.0,3,195,2.276923076923077,50.11956209858873
30.0,4,154,2.3051948051948052,51.3231179319115
30.0,5,125,2.136,53.30204877059294
30.0,6,161,2.1677018633540373,51.42634296458822
30.0,7,223,2.094170403587444,49.88312504209424
30.0,8,285,1.975438596491228,49.10484926048786
30.0,9,325,2.0492307692307694,48.51932868724198
30.0,10,383,2.0757180156657964,48.00000765563511
30.0,11,349,2.025787965616046,48.33372877248889
30.0,12,485,2.0804123711340208,47.431360282698996
30.0,13,466,2.109442060085837,47.48723511369789
30.0,14,451,2.0643015521064303,47.60834726080398
30.0,15,552,2.130434782608696,47.131371136584086
30.0,16,518,2.0849420849420848,47.292483071876134
30.0,17,557,2.1615798922800717,47.08921975816465
30.0,18,544,2.099264705882353,47.185333759394254
30.0,19,459,2.104575163398693,47.52539489137443
30.0,20,505,2.0772277227722773,47.350807435486395
30.0,21,460,2.121739130434783,47.502786971017606
30.0,22,385,2.1298701298701297,47.91826540590686
30.0,23,346,2.254335260115607,48.051568151617545
32.0,0,572,2.2010489510489513,47.011880850977285
32.0,1,487,2.2299794661190964,47.28157908730527
32.0,2,386,2.2590673575129534,47.763255102981816
32.0,3,324,2.299382716049383,48.17995032617784
32.0,4,289,2.2283737024221453,48.62866140478741
32.0,5,252,2.2738095238095237,49.0387761820247
32.0,6,246,2.154471544715447,49.34058055117843
32.0,7,353,2.028328611898017,48.295832400741034
32.0,8,453,2.0022075055187636,47.66892901329586
32.0,9,467,2.0256959314775163,47.57204463824179
32.0,10,549,2.0054644808743167,47.254839070646455
32.0,11,571,2.0367775831873907,47.15163134340821
32.0,12,693,2.0447330447330447,46.82310385743053
32.0,13,623,2.0545746388443016,46.98410475823119
32.0,14,685,2.002919708029197,46.87244124057899
32.0,15,809,2.1013597033374536,46.57269180802723
32.0,16,820,2.0951219512195123,46.55955505658216
32.0,17,789,2.100126742712294,46.605229338244236
32.0,18,784,2.0931122448979593,46.61777161708588
32.0,19,770,2.101298701298701,46.63623572358054
32.0,20,771,2.106355382619974,46.63136857878116
32.0,21,744,2.1841397849462365,46.630560882341626
32.0,22,652,2.1487730061349692,46.8402829237304
32.0,23,564,2.223404255319149,47.01863132540483
33.0,0,456,2.2521929824561404,47.39433499396802
33.0,1,291,2.2061855670103094,48.63897230678192
33.0,2,219,2.3333333333333335,49.49011607964412
33.0,3,216,2.3472222222222223,49.52302538311627
33.0,4,195,2.348717948717949,49.97281580322505
33.0,5,163,2.3190184049079754,50.95777959977036
33.0,6,188,2.3031914893617023,50.24151984125488
33.0,7,217,2.1152073732718892,49.96267647002532
33.0,8,294,2.061224489795918,48.83620659047896
33.0,9,355,2.095774647887324,48.1837958751854
33.0,10,341,2.129032258064516,48.25482729693673
33.0,11,393,2.1017811704834606,47.899383539989
33.0,12,444,2.1036036036036037,47.60099345332136
33.0,13,492,2.119918699186992,47.36249647999802
33.0,14,509,2.1277013752455796,47.287015977119
33.0,15,545,2.2073394495412844,47.09069137736134
33.0,16,575,2.293913043478261,46.93486709875157
33.0,17,530,2.2471698113207546,47.10854356388842
33.0,18,571,2.2889667250437826,46.94970417817807
33.0,19,560,2.2517857142857145,47.0091956503644
33.0,20,539,2.2133580705009277,47.1055432592793
33.0,21,509,2.3222003929273085,47.1221705819037
33.0,22,426,2.300469483568075,47.49387299099121
33.0,23,401,2.251870324189526,47.67933905603671
34.0,0,706,2.3045325779036827,46.628948468060386
34.0,1,577,2.315424610051993,46.914304157897185
34.0,2,467,2.3319057815845823,47.27617215280731
34.0,3,420,2.380952380952381,47.45037276846235
34.0,4,413,2.3365617433414045,47.52768145409653
34.0,5,203,2.29064039408867,49.902756281567555
34.0,6,212,2.268867924528302,49.750277465201016
34.0,7,282,2.1843971631205674,48.779106838434636
34.0,8,365,2.03013698630137,48.19539479830539
34.0,9,464,2.0689655172413794,47.5391857227921
34.0,10,552,2.1159420289855073,47.14378558365282
34.0,11,564,2.0797872340425534,47.13600671016985
34.0,12,678,2.1253687315634218,46.79805055567539
34.0,13,653,2.134762633996937,46.84792277122988
34.0,14,696,2.1120689655172415,46.768869282176965
34.0,15,761,2.1471747700394217,46.62333610194987
34.0,16,788,2.1637055837563453,46.569014887371864
34.0,17,819,2.1636141636141635,46.521746121836216
34.0,18,771,2.173800259403372,46.5906464134231
34.0,19,785,2.16687898089172,46.571954694597785
34.0,20,755,2.1880794701986757,46.60912270226874
34.0,21,707,2.1612446958981613,46.71382973360206
34.0,22,782,2.2404092071611252,46.5354776772847
34.0,23,692,2.28757225433526,46.66536275141763
40.0,0,1195,2.221757322175732,46.121690830241086
40.0,1,963,2.2751817237798546,46.29171029171136
40.0,2,727,2.3191196698762035,46.58310320732065
40.0,3,542,2.3265682656826567,47.0091956503644
40.0,4,524,2.4064885496183206,47.0091956503644
40.0,5,424,2.2995283018867925,47.50502689420373
40.0,6,501,2.2255489021956087,47.23053083666854
40.0,7,695,2.0906474820143885,46.78583426916917
40.0,8,932,2.101931330472103,46.40692256077812
40.0,9,991,2.0393541876892027,46.373543162873005
40.0,10,1060,2.059433962264151,46.29527547147192
40.0,11,1062,2.1271186440677967,46.262425788370464
40.0,12,1180,2.1313559322033897,46.166381110637495
40.0,13,1215,2.130864197530864,46.14215692206639
40.0,14,1584,2.1666666666666665,45.93993147524599
40.0,15,1929,2.1565578019699325,45.83124429337393
40.0,16,1974,2.1778115501519757,45.814677380694995
40.0,17,1862,2.1858216970998927,45.84257461735287
40.0,18,1785,2.208963585434174,45.85944286985253
40.0,19,1704,2.1848591549295775,45.89138695289494
40.0,20,1549,2.2194964493221434,45.93884758412785
40.0,21,1400,2.210714285714286,46.00755682542533
40.0,22,1471,2.213460231135282,45.97350280555397
40.0,23,1269,2.227738376674547,46.072845205161805
41.0,0,646,2.263157894736842,46.77680365929121
41.0,1,415,2.2240963855421687,47.628191121226564
41.0,2,354,2.225988700564972,48.023824940581314
41.0,3,296,2.2195945945945947,48.563170698511755
41.0,4,266,2.281954887218045,48.830411953368696
41.0,5,254,2.3188976377952755,48.93772587798459
41.0,6,294,2.2312925170068025,48.568116291246454
41.0,7,383,2.1801566579634466,47.87156953390641
41.0,8,543,2.1068139963167587,47.18207069664102
41.0,9,555,2.154954954954955,47.10106161698482
41.0,10,623,2.102728731942215,46.945969424788075
41.0,11,626,2.1246006389776357,46.92150164192733
41.0,12,728,2.1634615384615383,46.67220212100173
41.0,13,632,2.170886075949367,46.87244124057899
41.0,14,872,2.176605504587156,46.441891845535764
41.0,15,1005,2.145273631840796,46.30750328565881
41.0,16,969,2.218782249742002,46.31026228497353
41.0,17,981,2.2038735983690114,46.3047595999388
41.0,18,902,2.2228381374722836,46.3819595722362
41.0,19,798,2.2230576441102756,46.52038999527783
41.0,20,830,2.2457831325301205,46.462376297978665
41.0,21,715,2.2433566433566434,46.64773399915812
41.0,22,660,2.243939393939394,46.75809947691436
41.0,23,577,2.2564991334488735,46.955967013483864
42.0,0,791,2.2553729456384324,46.51365497212352
42.0,1,584,2.3236301369863015,46.88961418872967
42.0,2,465,2.253763440860215,47.35274631484798
42.0,3,334,2.2095808383233533,48.207088021613345
42.0,4,363,2.322314049586777,47.847344550092814
42.0,5,300,2.216666666666667,48.52414141930618
42.0,6,347,2.1354466858789625,48.195394798305394
42.0,7,524,1.952290076335878,47.40245023592079
42.0,8,797,2.028858218318695,46.63705042602892
42.0,9,834,1.9928057553956835,46.601359399996056
42.0,10,814,1.9975429975429975,46.62975417937866
42.0,11,825,2.0109090909090908,46.60367856371296
42.0,12,978,1.992842535787321,46.41250522212358
42.0,13,836,2.0454545454545454,46.56535946917647
42.0,14,1066,2.073170731707317,46.283346436455204
42.0,15,1201,2.1090757701915073,46.160358470910055
42.0,16,1205,2.145228215767635,46.1434308796022
42.0,17,1168,2.1472602739726026,46.16874659497666
42.0,18,1261,2.15543219666931,46.103082211830994
42.0,19,1264,2.1542721518987342,46.101642218538146
42.0,20,1252,2.2124600638977636,46.088360385817026
42.0,21,1098,2.202185792349727,46.200380021667534
42.0,22,1023,2.222873900293255,46.256201751933645
42.0,23,831,2.2659446450060168,46.45083791548521
43.0,0,991,2.2986881937436934,46.254555852219184
43.0,1,759,2.3201581027667983,46.52925987926391
43.0,2,691,2.3892908827785817,46.60990420489607
43.0,3,562,2.3540925266903914,46.92998121746902
43.0,4,531,2.4218455743879472,46.97633535126222
43.0,5,394,2.33248730964467,47.638242608742026
43.0,6,435,2.188505747126437,47.557843906474815
43.0,7,632,2.1661392405063293,46.87584572423721
43.0,8,875,2.073142857142857,46.493895438922166
43.0,9,904,2.0929203539823007,46.445453251395136
43.0,10,1000,2.103,46.33241911795498
43.0,11,1030,2.121359223300971,46.294381729039955
43.0,12,1199,2.15929941618015,46.14215692206639
43.0,13,1116,2.1236559139784945,46.218233553963614
43.0,14,1345,2.1531598513011154,46.05488082308227
43.0,15,1481,2.1688048615800133,45.98247048967733
43.0,16,1532,2.1795039164490864,45.95722991004529
43.0,17,1596,2.2017543859649122,45.92543867271976
43.0,18,1612,2.199751861042184,45.91996477033355
43.0,19,1531,2.18680600914435,45.95551386691224
43.0,20,1400,2.204285714285714,46.0095653330883
43.0,21,1296,2.263117283950617,46.04559589247683
43.0,22,1100,2.2554545454545454,46.17799564282896
43.0,23,1014,2.280078895463511,46.240795646518144
44.0,0,1127,2.28039041703638,46.14824353922314
44.0,1,880,2.2409090909090907,46.399749746857744
44.0,2,691,2.314037626628075,46.65188932165534
44.0,3,580,2.293103448275862,46.92150164192733
44.0,4,508,2.326771653543307,47.1221705819037
44.0,5,422,2.3483412322274884,47.46973058696409
44.0,6,472,2.2690677966101696,47.30906812403855
44.0,7,619,2.148626817447496,46.92150164192733
44.0,8,925,2.0886486486486486,46.42212837796146
44.0,9,995,2.090452261306533,46.34362672219938
44.0,10,1021,2.0979431929480903,46.313964994293514
44.0,11,1100,2.11,46.237220720177035
44.0,12,1304,2.1096625766871164,46.093674988472095
44.0,13,1206,2.1227197346600333,46.15148331138983
44.0,14,1423,2.1271960646521433,46.023028003931984
44.0,15,1649,2.176470588235294,45.91276292442974
44.0,16,1775,2.2,45.864703325217846
44.0,17,1747,2.2003434459072695,45.87336522144595
44.0,18,1822,2.190998902305159,45.852807481761374
44.0,19,1793,2.1952035694366985,45.86040426899814
44.0,20,1749,2.221269296740995,45.86751331986736
44.0,21,1502,2.1897470039946736,45.96693450179806
44.0,22,1269,2.2293144208037825,46.072312166391484
44.0,23,1039,2.2666025024061596,46.2239620360618
45.0,0,517,2.3114119922630563,47.1025529975308
45.0,1,430,2.297674418604651,47.476261564866164
45.0,2,403,2.3126550868486353,47.605890731408856
45.0,3,319,2.3385579937304075,48.17611508695313
45.0,4,272,2.2794117647058822,48.756782677312785
45.0,5,206,2.262135922330097,49.89291959826923
45.0,6,232,2.25,49.402216086605705
45.0,7,318,2.069182389937107,48.55824013797381
45.0,8,476,2.088235294117647,47.46323903146384
45.0,9,467,2.074946466809422,47.518563519774354
45.0,10,527,2.0872865275142316,47.25659904992472
45.0,11,545,2.091743119266055,47.18860827149047
45.0,12,740,2.1594594594594594,46.65272350654715
45.0,13,632,2.074367088607595,46.944728305367605
45.0,14,821,2.10231425091352,46.553804450825346
45.0,15,899,2.171301446051168,46.41082441778305
45.0,16,863,2.1749710312862107,46.45445637915363
45.0,17,874,2.1762013729977117,46.439530057983745
45.0,18,991,2.1917255297679112,46.30022047592687
45.0,19,940,2.2212765957446807,46.33970042006278
45.0,20,841,2.1950059453032105,46.47352649288752
45.0,21,749,2.1869158878504673,46.62015057267661
45.0,22,670,2.219402985074627,46.75229219670307
45.0,23,624,2.3028846153846154,46.80216799114129
46.0,0,979,2.269662921348315,46.278137698893154
46.0,1,826,2.3087167070217918,46.43659175648024
46.0,2,608,2.2746710526315788,46.86008449933797
46.0,3,529,2.291115311909263,47.077534227513716
46.0,4,412,2.3349514563106797,47.53456966487475
46.0,5,375,2.28,47.81185707380447
46.0,6,434,2.248847926267281,47.502786971017606
46.0,7,502,2.0697211155378485,47.37036417822882
46.0,8,638,2.006269592476489,46.98410475823119
46.0,9,656,1.9969512195121952,46.945969424788075
46.0,10,746,1.9946380697050938,46.75132886986694
46.0,11,803,1.9912826899128269,46.65188932165534
46.0,12,913,2.0284775465498357,46.469785678756836
46.0,13,920,2.0521739130434784,46.44784009755371
46.0,14,1031,2.078564500484966,46.313500643789666
46.0,15,1203,2.1205320033250206,46.154420823354386
46.0,16,1332,2.174174174174174,46.05488082308227
46.0,17,1368,2.1695906432748537,46.0370259157324
46.0,18,1367,2.1419166057059256,46.04683690003819
46.0,19,1588,2.1763224181360203,45.93561849183837
46.0,20,1436,2.168523676880223,46.00335476882397
46.0,21,1300,2.1984615384615385,46.06466693939588
46.0,22,1190,2.212605042016807,46.128398858059256
46.0,23,938,2.248400852878465,46.32953559803064
47.0,0,1136,2.32306338028169,46.12655830407628
47.0,1,774,2.2816537467700257,46.525832931317375
47.0,2,561,2.358288770053476,46.92998121746902
47.0,3,532,2.3590225563909772,47.01727692742806
47.0,4,434,2.3847926267281108,47.37829268958603
47.0,5,336,2.3601190476190474,48.0067696878951
47.0,6,458,2.2532751091703056,47.38427940710068
47.0,7,656,2.176829268292683,46.81151655916604
47.0,8,844,2.109004739336493,46.51633990045515
47.0,9,863,2.107763615295481,46.490665550042635
47.0,10,856,2.0899532710280373,46.51031569569094
47.0,11,877,2.1094640820980617,46.47102992071814
47.0,12,1087,2.1784728610855564,46.218993158431026
47.0,13,1012,2.1936758893280635,46.27900191135653
47.0,14,1163,2.185726569217541,46.15737913595441
47.0,15,1320,2.1446969696969695,46.071779880766734
47.0,16,1308,2.1460244648318043,46.0782173700397
47.0,17,1256,2.212579617834395,46.08586830712274
47.0,18,1304,2.1595092024539877,46.07579045258608
47.0,19,1395,2.1949820788530467,46.014979076799904
47.0,20,1367,2.209217264081931,46.02466017710274
47.0,21,1262,2.2472266244057053,46.070452451259996
47.0,22,1165,2.243776824034335,46.134283021363274
47.0,23,1073,2.2833178005591797,46.188866315125566
48.0,0,775,2.278709677419355,46.525832931317375
48.0,1,604,2.306291390728477,46.84902044596547
48.0,2,540,2.3055555555555554,47.03091881548332
48.0,3,447,2.3221476510067114,47.37234057737494
48.0,4,431,2.336426914153132,47.43555591014319
48.0,5,331,2.3293051359516617,48.08346744679734
48.0,6,353,2.2436260623229463,48.01016351090438
48.0,7,494,2.0607287449392713,47.41268397055425
48.0,8,670,2.082089552238806,46.8468266702215
48.0,9,685,2.062773722627737,46.827362150404014
48.0,10,731,2.0314637482900135,46.75422274260496
48.0,11,682,2.065982404692082,46.83164462105229
48.0,12,879,2.0898748577929465,46.47918353243845
48.0,13,841,2.1521997621878715,46.49649219820255
48.0,14,981,2.1192660550458715,46.34411963458882
48.0,15,1160,2.146551724137931,46.1748903400159
48.0,16,1059,2.178470254957507,46.2427937691492
48.0,17,1155,2.193073593073593,46.160358470910055
48.0,18,1086,2.1841620626151013,46.21747523044809
48.0,19,1109,2.1659152389540126,46.20625191613627
48.0,20,1047,2.1680993314231136,46.25785345217574
48.0,21,974,2.1940451745379876,46.31629326553765
48.0,22,893,2.2396416573348263,46.38461731650541
48.0,23,804,2.267412935323383,46.4880943954941
49.0,0,626,2.3354632587859423,46.77680365929121
49.0,1,452,2.325221238938053,47.34694074553218
49.0,2,388,2.3788659793814433,47.628191121226564
49.0,3,306,2.418300653594771,48.19928200497263
49.0,4,289,2.3460207612456747,48.46268325675183
49.0,5,259,2.4247104247104247,48.71298750772343
49.0,6,280,2.2642857142857142,48.68086644485427
49.0,7,350,2.1,48.21887669980545
49.0,8,576,2.0850694444444446,47.09364196772406
49.0,9,585,2.1658119658119657,47.001190912625724
49.0,10,596,2.0956375838926173,47.02543584686543
49.0,11,614,2.1188925081433223,46.9572253571802
49.0,12,714,2.1596638655462184,46.70116465567291
49.0,13,660,2.128787878787879,46.83595147587508
49.0,14,807,2.114002478314746,46.56828208958592
49.0,15,940,2.171276595744681,46.363208216294616
49.0,16,869,2.15765247410817,46.45566767996921
49.0,17,944,2.207627118644068,46.341659803086806
49.0,18,997,2.21765295887663,46.282910215481934
49.0,19,976,2.2561475409836067,46.28685046759747
49.0,20,955,2.263874345549738,46.3047595999388
49.0,21,894,2.2404921700223714,46.38302107768571
49.0,22,792,2.2803030303030303,46.499100460292595
49.0,23,632,2.3227848101265822,46.770844769121965
50.0,0,401,2.3865336658354113,47.5461459856706
50.0,1,262,2.282442748091603,48.88326136942118
50.0,2,235,2.382978723404255,49.12513133582325
50.0,3,205,2.4048780487804877,49.64241339378554
50.0,4,161,2.329192546583851,51.00289094165214
50.0,5,159,2.207547169811321,51.39154250247974
50.0,6,192,2.28125,50.18532511549339
50.0,7,245,2.0693877551020408,49.52302538311627
50.0,8,421,2.045130641330166,47.79448428488979
50.0,9,398,2.090452261306533,47.88077400867573
50.0,10,462,2.0974025974025974,47.518563519774354
50.0,11,477,2.079664570230608,47.467562372526174
50.0,12,611,2.1636661211129296,46.931199915920544
50.0,13,515,2.10873786407767,47.28157908730527
50.0,14,574,2.1550522648083623,47.04199113206171
50.0,15,703,2.1109530583214795,46.75518996691632
50.0,16,775,2.099354838709677,46.628948468060386
50.0,17,747,2.210174029451138,46.60990420489607
50.0,18,838,2.2016706443914082,46.474152327374426
50.0,19,714,2.19327731092437,46.679979938567556
50.0,20,699,2.2217453505007154,46.69137371510474
50.0,21,658,2.183890577507599,46.80216799114129
50.0,22,523,2.229445506692161,47.14691581301663
50.0,23,355,2.3183098591549296,47.90879005885452
52.0,0,848,2.3714622641509435,46.37878772427691
52.0,1,669,2.306427503736921,46.70026880162811
52.0,2,506,2.341897233201581,47.11760524337875
52.0,3,415,2.397590361445783,47.46108387853227
52.0,4,390,2.4205128205128204,47.576818330558936
52.0,5,342,2.374269005847953,47.94387529301384
52.0,6,418,2.2799043062200957,47.55549450244341
52.0,7,501,2.147704590818363,47.299819953687766
52.0,8,757,2.0779392338177014,46.673922833343056
52.0,9,680,2.073529411764706,46.830571725480304
52.0,10,750,2.1146666666666665,46.66281577622179
52.0,11,843,2.1126927639383157,46.51566753771741
52.0,12,1007,2.1469712015888778,46.3047595999388
52.0,13,972,2.1286008230452675,46.349074964555186
52.0,14,1093,2.1655992680695335,46.219373442036385
52.0,15,1277,2.1895066562255288,46.0812048201686
52.0,16,1232,2.1858766233766236,46.11036238586815
52.0,17,1287,2.213675213675214,46.067022939983325
52.0,18,1342,2.2078986587183307,46.038237802420184
52.0,19,1402,2.195435092724679,46.01136053378625
52.0,20,1280,2.228125,46.06623595427985
52.0,21,1085,2.2580645161290325,46.188866315125566
52.0,22,1060,2.2566037735849056,46.20996174076665
52.0,23,841,2.278240190249703,46.43134145949309
60.0,0,649,2.320493066255778,46.73420775028146
60.0,1,423,2.1962174940898347,47.613276185230795
60.0,2,288,2.3020833333333335,48.53381043757091
60.0,3,235,2.3106382978723405,49.244296310062055
60.0,4,210,2.2,49.93252182973002
60.0,5,181,2.1767955801104972,50.72878801661414
60.0,6,267,2.3183520599250937,48.76233666893276
60.0,7,337,2.1335311572700295,48.28341110504065
60.0,8,490,2.0693877551020408,47.42094362383237
60.0,9,482,2.099585062240664,47.425097935609614
60.0,10,555,2.0126126126126125,47.2271079736925
60.0,11,547,2.1206581352833638,47.15637126447423
60.0,12,746,2.128686327077748,46.66112313905344
60.0,13,690,2.1608695652173915,46.748446642492056
60.0,14,807,2.120198265179678,46.564630949243906
60.0,15,791,2.120101137800253,46.589888044580604
60.0,16,780,2.1858974358974357,46.569014887371864
60.0,17,816,2.2267156862745097,46.491955372481264
60.0,18,823,2.2114216281895502,46.490021701863796
60.0,19,814,2.2174447174447174,46.49975433209079
60.0,20,781,2.2471190781049937,46.53339799213473
60.0,21,737,2.2238805970149254,46.61935661983455
60.0,22,640,2.28125,46.77880083983195
60.0,23,571,2.2189141856392296,47.001190912625724
61.0,0,519,2.275529865125241,47.12369751561865
61.0,1,352,2.3295454545454546,47.91826540590686
61.0,2,276,2.4528985507246377,48.46732701065464
61.0,3,248,2.3669354838709675,48.950055908694765
61.0,4,245,2.379591836734694,48.97496976148479
61.0,5,171,2.4210526315789473,50.467438927142375
61.0,6,184,2.266304347826087,50.430398804389895
61.0,7,323,2.176470588235294,48.35088306499495
61.0,8,476,2.186974789915966,47.36642277128611
61.0,9,491,2.1425661914460283,47.34501291389626
61.0,10,547,2.13345521023766,47.145349357191044
61.0,11,521,2.147792706333973,47.22369734615158
61.0,12,680,2.152941176470588,46.7748119355279
61.0,13,643,2.150855365474339,46.86008449933797
61.0,14,686,2.1443148688046647,46.7678835531371
61.0,15,781,2.1895006402048653,46.56535946917647
61.0,16,690,2.1942028985507247,46.72672904018512
61.0,17,730,2.1726027397260275,46.66281577622179
61.0,18,738,2.238482384823848,46.60912270226874
61.0,19,644,2.237577639751553,46.79805055567539
61.0,20,685,2.2394160583941605,46.70837353593953
61.0,21,593,2.2799325463743676,46.8954231840114
61.0,22,560,2.2982142857142858,46.97504749307519
61.0,23,468,2.3632478632478633,47.2460869132952
62.0,0,493,2.237322515212982,47.25132868586658
62.0,1,382,2.1387434554973823,47.92781033935126
62.0,2,342,2.190058479532164,48.16467081503429
62.0,3,272,2.2830882352941178,48.75124657294441
62.0,4,247,2.3238866396761133,49.03229549506045
62.0,5,212,2.268867924528302,49.750277465201016
62.0,6,205,2.1609756097560977,50.13039889369943
62.0,7,335,2.1522388059701494,48.27518766748034
62.0,8,546,2.1465201465201464,47.13755717505519
62.0,9,498,2.140562248995984,47.31840305020877
62.0,10,567,2.146384479717813,47.0703087864169
62.0,11,594,2.1144781144781146,47.01592468613595
62.0,12,788,2.1725888324873095,46.56390328038602
62.0,13,694,2.1469740634005765,46.749406095363156
62.0,14,817,2.08812729498164,46.56828208958592
62.0,15,854,2.1088992974238874,46.50237708049177
62.0,16,855,2.057309941520468,46.53063611350463
62.0,17,899,2.1078976640711904,46.44366972941068
62.0,18,936,2.074786324786325,46.4164472939583
62.0,19,882,2.0884353741496597,46.476033907932774
62.0,20,776,2.088917525773196,46.63379764734544
62.0,21,712,2.125,46.727659553850444
62.0,22,629,2.190779014308426,46.865676744021535
62.0,23,451,2.139689578713969,47.52768145409653
63.0,0,377,2.3607427055702916,47.71381793636182
63.0,1,274,2.295620437956204,48.70759144151807
63.0,2,214,2.308411214953271,49.63366126518385
63.0,3,171,2.3333333333333335,50.66099445581131
63.0,4,128,2.34375,52.42389821092805
63.0,5,134,2.208955223880597,52.519912215608855
63.0,6,147,2.1156462585034013,52.172594674560926
63.0,7,205,2.0439024390243903,50.40600006004698
63.0,8,427,2.063231850117096,47.73828400292972
63.0,9,457,2.008752735229759,47.6407691672869
63.0,10,472,2.0190677966101696,47.55549450244341
63.0,11,518,2.052123552123552,47.32404615797639
63.0,12,660,2.0863636363636364,46.8668000663741
63.0,13,610,2.0622950819672132,47.01322665303327
63.0,14,671,2.125186289120715,46.81361004401122
63.0,15,754,2.118037135278515,46.65355873612886
63.0,16,816,2.122549019607843,46.54952635872508
63.0,17,829,2.185765983112183,46.49519238547225
63.0,18,788,2.1345177664974617,46.586109726566235
63.0,19,690,2.117391304347826,46.77780156606379
63.0,20,618,2.121359223300971,46.944728305367605
63.0,21,531,2.120527306967985,47.21185556251817
63.0,22,438,2.212328767123288,47.518563519774354
63.0,23,326,2.165644171779141,48.33799912221685
66.0,0,501,2.2994011976047903,47.16913174641816
66.0,1,344,2.2936046511627906,48.020396597012194
66.0,2,292,2.3116438356164384,48.47665579627273
66.0,3,246,2.317073170731707,49.058354678432465
66.0,4,227,2.356828193832599,49.302994395228616
66.0,5,166,2.283132530120482,50.94290118885949
66.0,6,169,2.2071005917159763,51.03336830935778
66.0,7,235,2.1021276595744682,49.63366126518385
66.0,8,345,2.072463768115942,48.29999599589655
66.0,9,392,2.181122448979592,47.81185707380447
66.0,10,347,2.0518731988472623,48.312556954315156
66.0,11,368,2.141304347826087,48.023824940581314
66.0,12,524,2.1564885496183206,47.20515469987049
66.0,13,468,2.141025641025641,47.44611825568009
66.0,14,502,2.1175298804780875,47.32404615797639
66.0,15,571,2.1541155866900175,47.0517975587874
66.0,16,553,2.1645569620253164,47.09957272830276
66.0,17,542,2.1457564575645756,47.15163134340821
66.0,18,583,2.1080617495711835,47.053207595967415
66.0,19,538,2.120817843866171,47.18696958051156
66.0,20,502,2.147410358565737,47.29614470676914
66.0,21,481,2.141372141372141,47.388289926600784
66.0,22,431,2.2018561484918795,47.564921826523054
66.0,23,396,2.224747474747475,47.73828400292972
67.0,0,1049,2.2793136320305054,46.21033442996624
67.0,1,644,2.282608695652174,46.768869282176965
67.0,2,431,2.2088167053364267,47.557843906474815
67.0,3,364,2.208791208791209,47.96999482961548
67.0,4,333,2.2222222222222223,48.19928200497263
67.0,5,287,2.202090592334495,48.691505699855234
67.0,6,378,2.171957671957672,47.91509926273834
67.0,7,521,2.0268714011516313,47.3373380993154
67.0,8,713,1.9985974754558204,46.814658990102075
67.0,9,775,2.029677419354839,46.673922833343056
67.0,10,916,2.039301310043668,46.459927658934916
67.0,11,865,2.023121387283237,46.536868095356404
67.0,12,1040,2.0673076923076925,46.31026228497353
67.0,13,942,2.043524416135881,46.42614025619205
67.0,14,1014,2.0808678500986195,46.329056605739886
67.0,15,1240,2.0443548387096775,46.15969456826204
67.0,16,1282,2.049921996879875,46.129939073039296
67.0,17,1371,2.0671043034281547,46.0709828609895
67.0,18,1439,2.059763724808895,46.037995097987704
67.0,19,1346,2.0668647845468056,46.08504119737158
67.0,20,1349,2.120830244625649,46.063884899820714
67.0,21,1202,2.1256239600665556,46.15311270756761
67.0,22,1150,2.152173913043478,46.18007839138237
67.0,23,956,2.151673640167364,46.35508495833257
68.0,0,402,2.370646766169154,47.55549450244341
68.0,1,305,2.2852459016393443,48.37698367791128
68.0,2,300,2.3333333333333335,48.36387744156829
68.0,3,257,2.3540856031128405,48.84202038341438
68.0,4,203,2.2857142857142856,49.912635364362856
68.0,5,150,2.32,51.44389319763432
68.0,6,148,2.141891891891892,52.04287102516006
68.0,7,214,2.088785046728972,50.08734263393074
68.0,8,334,2.1167664670658684,48.33372877248889
68.0,9,364,2.065934065934066,48.15331785379565
68.0,10,463,2.086393088552916,47.52539489137443
68.0,11,454,2.0881057268722465,47.56729108808632
68.0,12,590,2.159322033898305,46.9919473464275
68.0,13,498,2.0522088353413657,47.404488972096296
68.0,14,614,2.0846905537459284,46.98410475823119
68.0,15,634,2.0757097791798107,46.938551001261146
68.0,16,592,2.133445945945946,47.0065189539498
68.0,17,635,2.094488188976378,46.92150164192733
68.0,18,692,2.0838150289017343,46.79702476601441
68.0,19,641,2.1669266770670825,46.853426950159616
68.0,20,599,2.1585976627712853,46.967362176933534
68.0,21,501,2.143712574850299,47.30350888867685
68.0,22,499,2.1382765531062122,47.31652906596729
68.0,23,355,2.1887323943661974,48.06211914114291
69.0,0,409,2.254278728606357,47.63069581673272
69.0,1,258,2.2829457364341086,48.93772587798459
69.0,2,224,2.2589285714285716,49.531334006670754
69.0,3,163,2.184049079754601,51.30625204408182
69.0,4,130,2.1846153846153844,52.824181948752255
69.0,5,156,2.2115384615384617,51.49715433966115
69.0,6,181,2.1878453038674035,50.70146515726027
69.0,7,227,1.9779735682819384,50.066102185069354
69.0,8,355,1.935211267605634,48.42149782366619
69.0,9,359,2.01949860724234,48.258876904429684
69.0,10,380,1.95,48.195394798305394
69.0,11,404,2.022277227722772,47.92781033935126
69.0,12,490,2.012244897959184,47.480637629167006
69.0,13,424,1.9858490566037736,47.850347498650464
69.0,14,453,1.9977924944812362,47.674122531856625
69.0,15,483,2.0683229813664594,47.452506413010816
69.0,16,515,2.1048543689320387,47.28520033679375
69.0,17,544,2.0919117647058822,47.19189429329529
69.0,18,538,2.1617100371747213,47.15163134340821
69.0,19,530,2.139622641509434,47.19850110962244
69.0,20,529,2.1436672967863895,47.19850110962244
69.0,21,472,2.1737288135593222,47.3963578722618
69.0,22,463,2.183585313174946,47.427181255165564
69.0,23,397,2.2367758186397984,47.719211981568606
70.0,0,585,2.3076923076923075,46.89775883041061
70.0,1,373,2.233243967828418,47.877698483892864
70.0,2,301,2.1960132890365447,48.543537967292615
70.0,3,243,2.2962962962962963,49.138773878731044
70.0,4,188,2.2925531914893615,50.26436280170363
70.0,5,167,2.3652694610778444,50.715092001039295
70.0,6,202,2.232673267326733,50.04505012156371
70.0,7,436,2.0160550458715596,47.7437889452241
70.0,8,601,2.086522462562396,47.01863132540483
70.0,9,619,2.0904684975767367,46.96608821996878
70.0,10,694,2.0878962536023056,46.78988388243245
70.0,11,738,2.0853658536585367,46.70385920302403
70.0,12,834,2.1354916067146283,46.51566753771741
70.0,13,748,2.157754010695187,46.63950059064133
70.0,14,851,2.1515863689776733,46.48298578804049
70.0,15,936,2.176282051282051,46.36525897005357
70.0,16,945,2.168253968253968,46.35913072931855
70.0,17,928,2.1724137931034484,46.37615893990258
70.0,18,872,2.168577981651376,46.44604901627448
70.0,19,816,2.176470588235294,46.51903692305854
70.0,20,897,2.20066889632107,46.39865462235692
70.0,21,807,2.193308550185874,46.52310531308739
70.0,22,643,2.2270606531881803,46.80734713264476
70.0,23,547,2.250457038391225,47.05038981248826
71.0,0,495,2.2666666666666666,47.218604203152644
71.0,1,316,2.1582278481012658,48.44424442160694
71.0,2,244,2.168032786885246,49.34818304396978
71.0,3,170,2.1882352941176473,51.048729885822326
71.0,4,172,2.1511627906976742,51.07970214539678
71.0,5,153,2.1372549019607843,51.83724383370405
71.0,6,207,2.130434782608696,50.15221992331009
71.0,7,269,1.962825278810409,49.355814334082325
71.0,8,521,1.9961612284069097,47.36839157985028
71.0,9,503,2.021868787276342,47.414742792684045
71.0,10,560,1.9946428571428572,47.2271079736925
71.0,11,591,1.9627749576988156,47.15637126447423
71.0,12,729,2.0123456790123457,46.77183453251976
71.0,13,637,2.0,46.9919473464275
71.0,14,714,2.0280112044817926,46.79089978161607
71.0,15,702,2.0598290598290596,46.792935795332625
71.0,16,825,2.0775757575757576,46.5624504899358
71.0,17,725,2.103448275862069,46.716573932688725
71.0,18,742,2.0902964959568733,46.69314355630468
71.0,19,675,2.1614814814814816,46.779801483406516
71.0,20,584,2.1797945205479454,46.993261631959214
71.0,21,617,2.1118314424635334,46.9547106012437
71.0,22,559,2.1288014311270125,47.11004749808955
71.0,23,446,2.1547085201793723,47.536875292138355
72.0,0,598,2.321070234113712,46.8545325446017
72.0,1,449,2.2561247216035634,47.423018729221596
72.0,2,427,2.234192037470726,47.55315002378734
72.0,3,358,2.3184357541899443,47.88694729095074
72.0,4,296,2.3175675675675675,48.42602061660951
72.0,5,184,2.347826086956522,50.25291488286763
72.0,6,192,2.1875,50.393887826248175
72.0,7,255,2.062745098039216,49.37116396324405
72.0,8,397,2.146095717884131,47.82063522594974
72.0,9,424,2.0966981132075473,47.716511925194006
72.0,10,484,2.15702479338843,47.36053897557709
72.0,11,516,2.1627906976744184,47.22881787163976
72.0,12,625,2.152,46.903628335859906
72.0,13,582,2.1821305841924397,46.99721690700034
72.0,14,617,2.1442463533225284,46.92998121746902
72.0,15,711,2.168776371308017,46.70116465567291
72.0,16,708,2.227401129943503,46.67048577318124
72.0,17,654,2.1773700305810397,46.81570940943182
72.0,18,694,2.195965417867435,46.7174910665917
72.0,19,627,2.1945773524720895,46.86792502146263
72.0,20,601,2.178036605657238,46.9472124404949
72.0,21,576,2.1927083333333335,47.0065189539498
72.0,22,498,2.2610441767068274,47.21185556251817
72.0,23,459,2.3050108932461875,47.33352245425913
73.0,0,940,2.15,46.373543162873005
73.0,1,656,2.0945121951219514,46.87017984410734
73.0,2,509,2.1709233791748526,47.247831008361935
73.0,3,350,2.2485714285714287,48.02726199658643
73.0,4,344,2.191860465116279,48.14579940289579
73.0,5,298,2.2013422818791946,48.568116291246454
73.0,6,416,2.2427884615384617,47.60343946788596
73.0,7,537,2.0130353817504654,47.290657335329115
73.0,8,841,1.963139120095125,46.60990420489607
73.0,9,846,2.0437352245862885,46.55166169330144
73.0,10,875,2.0388571428571427,46.51365497212352
73.0,11,907,2.0088202866593163,46.48873612575258
73.0,12,1081,2.0370027752081405,46.28685046759747
73.0,13,1005,2.0587064676616915,46.349074964555186
73.0,14,1164,2.064432989690722,46.20588263188675
73.0,15,1324,2.1004531722054383,46.08531670234563
73.0,16,1367,2.135332845647403,46.049081427382966
73.0,17,1348,2.1164688427299705,46.065973993505324
73.0,18,1397,2.1252684323550466,46.036784028210946
73.0,19,1153,2.131830008673027,46.186034730257944
73.0,20,1151,2.104257167680278,46.19892417004554
73.0,21,1014,2.136094674556213,46.30293892083374
73.0,22,1040,2.164423076923077,46.26577919192026
73.0,23,960,2.1614583333333335,46.34609603510938
75.0,0,1707,2.327475102519039,45.85536095941731
75.0,1,1280,2.28203125,46.0485814482232
75.0,2,949,2.3119072708113806,46.29038005229409
75.0,3,747,2.3721552878179386,46.521746121836216
75.0,4,589,2.3514431239388793,46.85785890708557
75.0,5,525,2.241904761904762,47.12983119667581
75.0,6,703,2.204836415362731,46.6940301896542
75.0,7,831,2.050541516245487,46.569748545249105
75.0,8,1279,2.0445660672400314,46.133971196829116
75.0,9,1199,2.0,46.20773213306969
75.0,10,1369,2.0818115412710005,46.06676042732528
75.0,11,1509,2.031146454605699,46.014297722269156
75.0,12,1884,2.0392781316348194,45.873653874937304
75.0,13,1586,2.051702395964691,45.973905166304434
75.0,14,1752,2.0713470319634704,45.90621675678157
75.0,15,2061,2.1329451722464823,45.80373695643061
75.0,16,1924,2.1735966735966734,45.82854883344228
75.0,17,1976,2.1918016194331984,45.81101400121758
75.0,18,2059,2.1578436134045655,45.79860773533711
75.0,19,2107,2.1713336497389655,45.78476588726189
75.0,20,2024,2.1595849802371543,45.80651020678455
75.0,21,1800,2.206111111111111,45.8556311679768
75.0,22,1638,2.2405372405372406,45.89965502637787
75.0,23,1401,2.281227694503926,45.985792685547814
76.0,0,187,2.379679144385027,50.10877400817515
76.0,1,159,2.3144654088050314,51.11101105996661
76.0,2,135,2.3777777777777778,51.959082749015366
76.0,3,75,2.3733333333333335,57.29364222361517
76.0,4,96,2.3541666666666665,54.75032604115853
76.0,5,81,2.3209876543209877,56.65668582153716
76.0,6,87,2.2873563218390807,56.02997193446743
76.0,7,159,2.088050314465409,51.73907543055412
76.0,8,213,2.056338028169014,50.18532511549339
76.0,9,239,2.188284518828452,49.394408525951675
76.0,10,274,2.153284671532847,48.93159221016521
76.0,11,244,2.127049180327869,49.42581929020141
76.0,12,299,2.1538461538461537,48.62866140478741
76.0,13,275,2.1563636363636363,48.913315328146915
76.0,14,273,2.04029304029304,49.1456318895285
76.0,15,320,2.153125,48.41249162349459
76.0,16,332,2.2409638554216866,48.1837958751854
76.0,17,336,2.181547619047619,48.2267894278689
76.0,18,370,2.1972972972972973,47.940646494208835
76.0,19,443,2.2821670428893905,47.427181255165564
76.0,20,371,2.2857142857142856,47.8324360436922
76.0,21,343,2.2157434402332363,48.123481474961466
76.0,22,281,2.213523131672598,48.745728269554704
76.0,23,204,2.2598039215686274,49.94252976891696
77.0,0,492,2.2804878048780486,47.218604203152644
77.0,1,353,2.2521246458923514,48.00000765563511
77.0,2,285,2.2666666666666666,48.61841434738729
77.0,3,230,2.2782608695652176,49.38663076514747
77.0,4,209,2.2535885167464116,49.844362722115086
77.0,5,189,2.2169312169312168,50.40600006004698
77.0,6,248,2.213709677419355,49.20139538716027
77.0,7,333,2.12012012012012,48.33799912221685
77.0,8,458,2.0480349344978164,47.59126154889162
77.0,9,519,2.0597302504816954,47.312791615637224
77.0,10,606,2.01980198019802,47.06029234160229
77.0,11,580,2.056896551724138,47.1055432592793
77.0,12,599,2.040066777963272,47.06314247331597
77.0,13,636,2.0534591194968552,46.950952908892944
77.0,14,643,2.010886469673406,46.96736217693353
77.0,15,713,2.14726507713885,46.71109628905133
77.0,16,738,2.1151761517615175,46.6843397017771
77.0,17,757,2.153236459709379,46.62653726572263
77.0,18,707,2.0933521923620932,46.759071934760556
77.0,19,664,2.1671686746987953,46.800106412091125
77.0,20,686,2.1676384839650145,46.75229219670307
77.0,21,556,2.1690647482014387,47.086283841259814
77.0,22,603,2.228855721393035,46.90480747757963
77.0,23,447,2.232662192393736,47.454644333400054
78.0,0,319,2.3322884012539187,48.1837958751854
78.0,1,213,2.276995305164319,49.71372970766986
78.0,2,167,2.2994011976047903,50.86967151015752
78.0,3,133,2.2781954887218046,52.353551316409444
78.0,4,98,2.326530612244898,54.66759389925844
78.0,5,97,2.288659793814433,54.92026233262898
78.0,6,115,2.252173913043478,53.54863369433177
78.0,7,202,2.113861386138614,50.31069067933506
78.0,8,389,2.0154241645244215,48.037625772601885
78.0,9,379,2.1556728232189974,47.92781033935126
78.0,10,478,2.1569037656903767,47.38628272188492
78.0,11,486,2.1296296296296298,47.37829268958603
78.0,12,563,2.216696269982238,47.026803293966644
78.0,13,498,2.1726907630522088,47.28883497352618
78.0,14,546,2.2014652014652016,47.09216544517566
78.0,15,585,2.1606837606837606,47.005183782201854
78.0,16,543,2.162062615101289,47.13445888662162
78.0,17,563,2.1989342806394316,47.04059926674062
78.0,18,548,2.18978102189781,47.09512095114337
78.0,19,523,2.21414913957935,47.159544855838526
78.0,20,442,2.169683257918552,47.54150097186221
78.0,21,399,2.1979949874686717,47.74931899557912
78.0,22,293,2.242320819112628,48.563170698511755
78.0,23,288,2.2604166666666665,48.59307216241925
79.0,0,643,2.245723172628305,46.79497744897637
79.0,1,424,2.1910377358490565,47.613276185230795
79.0,2,380,2.2157894736842105,47.850347498650464
79.0,3,325,2.233846153846154,48.25482729693673
79.0,4,262,2.2061068702290076,49.00659699242715
79.0,5,218,2.261467889908257,49.64241339378554
79.0,6,277,2.220216606498195,48.78473325302632
79.0,7,387,2.0361757105943155,48.023824940581314
79.0,8,640,2.03125,46.958485636789916
79.0,9,712,2.032303370786517,46.79191708494507
79.0,10,726,1.9862258953168044,46.79702476601441
79.0,11,724,2.0179558011049723,46.77780156606379
79.0,12,855,2.017543859649123,46.554520359571015
79.0,13,724,2.0621546961325965,46.74653159255509
79.0,14,790,2.072151898734177,46.62094549552824
79.0,15,946,2.134249471458774,46.37458791898824
79.0,16,971,2.146240988671473,46.341659803086806
79.0,17,958,2.138830897703549,46.35913072931855
79.0,18,984,2.108739837398374,46.34609603510938
79.0,19,1009,2.178394449950446,46.28861204831275
79.0,20,1007,2.204568023833168,46.27900191135653
79.0,21,851,2.1668625146886016,46.4747788406406
79.0,22,813,2.1918819188191883,46.51499592959554
79.0,23,659,2.189681335356601,46.79600039809932
81.0,0,408,2.213235294117647,47.67933905603671
81.0,1,314,2.2770700636942673,48.29999599589655
81.0,2,237,2.210970464135021,49.38663076514747
81.0,3,192,2.265625,50.21888693101715
81.0,4,174,2.2528735632183907,50.756389680655296
81.0,5,150,2.1066666666666665,52.064149535161995
81.0,6,142,2.1338028169014085,52.353551316409444
81.0,7,258,2.104651162790698,49.244296310062055
81.0,8,373,2.005361930294906,48.16847537245472
81.0,9,360,1.9722222222222223,48.32098989822999
81.0,10,439,2.1138952164009113,47.61574861445567
81.0,11,343,2.0991253644314867,48.27929367553997
81.0,12,551,2.047186932849365,47.208499190713255
81.0,13,454,2.013215859030837,47.65093068721136
81.0,14,524,2.135496183206107,47.22369734615158
81.0,15,633,2.1248025276461298,46.903628335859906
81.0,16,657,2.1552511415525113,46.82416617522212
81.0,17,612,2.2107843137254903,46.89425795022022
81.0,18,667,2.1694152923538232,46.79191708494507
81.0,19,674,2.1379821958456975,46.79805055567539
81.0,20,599,2.1402337228714523,46.981506875401735
81.0,21,572,2.1975524475524475,47.01457459638131
81.0,22,482,2.224066390041494,47.307211588348736
81.0,23,431,2.273781902552204,47.49387299099121
83.0,0,766,2.22976501305483,46.566819068245124
83.0,1,655,2.267175572519084,46.75422274260496
83.0,2,521,2.343570057581574,47.064571040563116
83.0,3,458,2.351528384279476,47.29798062398569
83.0,4,411,2.3090024330900243,47.564921826523054
83.0,5,322,2.2732919254658386,48.23076200650732
83.0,6,256,2.2421875,49.03229549506045
83.0,7,328,2.1219512195121952,48.381377531091395
83.0,8,455,2.1054945054945056,47.5438210544377
83.0,9,439,2.123006833712984,47.605890731408856
83.0,10,529,2.1247637051039696,47.21522387870673
83.0,11,566,2.164310954063604,47.05887076570266
83.0,12,694,2.154178674351585,46.74462166649756
83.0,13,616,2.1525974025974026,46.926336151059694
83.0,14,691,2.141823444283647,46.759071934760556
83.0,15,832,2.1490384615384617,46.51098205689404
83.0,16,815,2.2208588957055215,46.49649219820255
83.0,17,859,2.228172293364377,46.43250392510954
83.0,18,823,2.1822600243013364,46.505671944678696
83.0,19,788,2.204314720812183,46.54598385874184
83.0,20,836,2.248803827751196,46.45264426024735
83.0,21,721,2.245492371705964,46.6354220275589
83.0,22,737,2.260515603799186,46.59828017422067
83.0,23,682,2.2492668621700878,46.70837353593953
84.0,0,342,2.280701754385965,48.051568151617545
84.0,1,272,2.3088235294117645,48.71298750772343
84.0,2,181,2.320441988950276,50.393887826248175
84.0,3,170,2.3529411764705883,50.64763912433316
84.0,4,140,2.2642857142857142,52.04287102516006
84.0,5,128,2.4140625,52.216955404722825
84.0,6,143,2.1888111888111887,52.12880085468864
84.0,7,443,2.049661399548533,47.666340833616616
84.0,8,514,2.1070038910505837,47.287015977119
84.0,9,624,2.1618589743589745,46.89892925069664
84.0,10,805,2.1043478260869564,46.57713276414344
84.0,11,797,2.1342534504391466,46.571954694597785
84.0,12,978,2.1390593047034763,46.33774852989928
84.0,13,861,2.1498257839721253,46.47040746363755
84.0,14,988,2.11336032388664,46.33970042006278
84.0,15,1007,2.16583912611718,46.296170853046355
84.0,16,973,2.134635149023638,46.345106883284096
84.0,17,890,2.18876404494382,46.41306664068496
84.0,18,810,2.188888888888889,46.521067676118626
84.0,19,697,2.2281205164992826,46.69137371510474
84.0,20,676,2.2544378698224854,46.7174910665917
84.0,21,484,2.165289256198347,47.35274631484798
84.0,22,365,2.180821917808219,47.99663938202822
84.0,23,303,2.2706270627062706,48.41698817837678
88.0,0,365,2.1561643835616437,48.02726199658643
88.0,1,218,2.165137614678899,49.83477479656939
88.0,2,187,2.1497326203208558,50.62112779468249
88.0,3,168,2.3452380952380953,50.72878801661414
88.0,4,145,2.110344827586207,52.284583772763746
88.0,5,121,2.2644628099173554,53.098098740146554
88.0,6,152,2.1973684210526314,51.7006310379433
88.0,7,172,2.0406976744186047,51.39154250247974
88.0,8,293,1.9419795221843004,49.0649267220421
88.0,9,365,2.0027397260273974,48.23474545403394
88.0,10,332,2.0180722891566263,48.50022142262888
88.0,11,373,2.0214477211796247,48.14579940289579
88.0,12,447,2.011185682326622,47.689841735420416
88.0,13,409,2.0171149144254277,47.902511445050145
88.0,14,422,2.075829383886256,47.75209349002093
88.0,15,487,2.059548254620123,47.443997361970084
88.0,16,529,2.047258979206049,47.287015977119
88.0,17,493,2.0892494929006085,47.388289926600784
88.0,18,496,2.129032258064516,47.3373380993154
88.0,19,503,2.1232604373757455,47.3146585910596
88.0,20,479,2.1482254697286014,47.39030103258917
88.0,21,441,2.133786848072562,47.584016916529215
88.0,22,388,2.131443298969072,47.89626319938992
88.0,23,381,2.1784776902887137,47.88694729095074
90.0,0,690,2.3492753623188407,46.63379764734544
90.0,1,477,2.3857442348008386,47.19189429329529
90.0,2,436,2.38302752293578,47.37036417822882
90.0,3,378,2.378306878306878,47.689841735420416
90.0,4,279,2.4336917562724016,48.458053181063754
90.0,5,194,2.4278350515463916,49.844362722115086
90.0,6,247,2.2388663967611335,49.173311962041915
90.0,7,263,2.091254752851711,49.19433623530097
90.0,8,466,2.1266094420600856,47.46973058696409
90.0,9,529,2.1890359168241966,47.159544855838526
90.0,10,483,2.093167701863354,47.427181255165564
90.0,11,509,2.06090373280943,47.350807435486395
90.0,12,735,2.1904761904761907,46.64278168064405
90.0,13,588,2.1360544217687076,47.01592468613595
90.0,14,669,2.100149476831091,46.83595147587508
90.0,15,797,2.1455457967377667,46.56535946917647
90.0,16,715,2.176223776223776,46.6887274840304
90.0,17,709,2.1847672778561353,46.69491796778532
90.0,18,672,2.224702380952381,46.74462166649756
90.0,19,684,2.219298245614035,46.723019245255905
90.0,20,660,2.2181818181818183,46.7748119355279
90.0,21,630,2.242857142857143,46.827362150404014
90.0,22,608,2.1546052631578947,46.945969424788075
90.0,23,591,2.3045685279187818,46.88384784392724
94.0,0,371,2.4016172506738545,47.71112999464261
94.0,1,319,2.3510971786833856,48.16087640310031
94.0,2,235,2.4468085106382977,49.02583734961608
94.0,3,191,2.392670157068063,49.98299950987424
94.0,4,150,2.453333333333333,51.11101105996661
94.0,5,113,2.327433628318584,53.42346606193963
94.0,6,104,2.2884615384615383,54.27479003225382
94.0,7,173,2.208092485549133,50.8987333407628
94.0,8,300,2.11,48.68617766851984
94.0,9,329,2.1185410334346506,48.37698367791128
94.0,10,370,2.1216216216216215,48.03416237908844
94.0,11,397,2.1032745591939546,47.87156953390641
94.0,12,552,2.2844202898550723,47.0091956503644
94.0,13,457,2.1903719912472646,47.44824338693996
94.0,14,419,2.1670644391408116,47.666340833616616
94.0,15,551,2.1833030852994555,47.09069137736134
94.0,16,488,2.194672131147541,47.30906812403855
94.0,17,503,2.194831013916501,47.24957826302119
94.0,18,464,2.25,47.36053897557709
94.0,19,462,2.2532467532467533,47.36642277128611
94.0,20,449,2.1959910913140313,47.480637629167006
94.0,21,345,2.2202898550724637,48.101513175141
94.0,22,352,2.2642045454545454,47.99327956080177
94.0,23,331,2.3504531722054383,48.05859310351232
100.0,0,241,2.199170124481328,49.34058055117843
100.0,1,168,2.1488095238095237,51.22332420226004
100.0,2,147,2.2244897959183674,51.83724383370405
100.0,3,99,2.1515151515151514,55.32595531015351
100.0,4,72,2.25,58.4763365800662
100.0,5,92,2.152173913043478,56.08406844997207
100.0,6,97,2.0927835051546393,55.818915578409914
100.0,7,184,2.1793478260869565,50.63435040298706
100.0,8,259,1.9768339768339769,49.48196909875526
100.0,9,229,1.9475982532751093,50.09803429484864
100.0,10,253,1.9130434782608696,49.72281001313086
100.0,11,283,1.989399293286219,49.10484926048786
100.0,12,331,1.9909365558912386,48.55332454120079
100.0,13,305,2.0327868852459017,48.756782677312785
100.0,14,344,2.052325581395349,48.33799912221685
100.0,15,320,2.1,48.49075309061079
100.0,16,297,2.01010101010101,48.8892318878548
100.0,17,308,2.103896103896104,48.60823054342791
100.0,18,307,2.1596091205211727,48.53381043757091
100.0,19,294,2.1530612244897958,48.68617766851984
100.0,20,272,2.1323529411764706,48.99388066439998
100.0,21,246,2.1097560975609757,49.42581929020141
100.0,22,190,2.094736842105263,50.67441689950795
100.0,23,203,2.187192118226601,50.11956209858873
101.0,0,365,2.276712328767123,47.88385693544363
101.0,1,274,2.1386861313868613,48.95625248556191
101.0,2,222,2.1936936936936937,49.69568096909442
101.0,3,168,2.232142857142857,51.00289094165214
101.0,4,137,2.2992700729927007,52.085563146814735
101.0,5,111,2.189189189189189,54.090511674893634
101.0,6,177,2.0451977401129944,51.20701353281884
101.0,7,277,1.8700361010830324,49.433747779440125
101.0,8,347,1.8789625360230549,48.588050367483866
101.0,9,370,1.837837837837838,48.453436723245346
101.0,10,396,1.9191919191919191,48.123481474961466
101.0,11,406,1.977832512315271,47.97329636506389
101.0,12,568,1.994718309859155,47.20016010277784
101.0,13,492,2.008130081300813,47.476261564866164
101.0,14,493,2.026369168356998,47.45250641301081
101.0,15,631,2.041204437400951,46.973761634667945
101.0,16,551,2.0090744101633393,47.24434596925839
101.0,17,567,2.049382716049383,47.153208597692945
101.0,18,573,2.0907504363001745,47.09808632524453
101.0,19,521,2.0403071017274472,47.32404615797639
101.0,20,561,2.0481283422459895,47.17396273827683
101.0,21,500,2.144,47.307211588348736
101.0,22,447,2.12751677852349,47.56019825141901
101.0,23,368,2.1168478260869565,48.05507611860993
102.0,0,624,2.34775641025641,46.773818112953855
102.0,1,434,2.184331797235023,47.56729108808632
102.0,2,367,2.223433242506812,47.931007580129204
102.0,3,354,2.3446327683615817,47.88694729095074
102.0,4,337,2.2759643916913945,48.09788520733058
102.0,5,210,2.223809523809524,49.88312504209424
102.0,6,226,2.190265486725664,49.624944498717916
102.0,7,331,2.015105740181269,48.514530386158484
102.0,8,483,2.0559006211180124,47.465398525086115
102.0,9,526,2.093155893536122,47.254839070646455
102.0,10,504,2.0873015873015874,47.34501291389626
102.0,11,519,2.052023121387283,47.320280553669484
102.0,12,704,2.039772727272727,46.80320093412638
102.0,13,535,1.9962616822429906,47.3146585910596
102.0,14,618,2.0647249190938513,46.98932495539007
102.0,15,748,2.0815508021390374,46.687847673099455
102.0,16,755,2.108609271523179,46.65775062328835
102.0,17,754,2.13262599469496,46.644428347081984
102.0,18,796,2.0552763819095476,46.621741390168204
102.0,19,833,2.104441776710684,46.53478365799621
102.0,20,828,2.117149758454106,46.53478365799621
102.0,21,738,2.1097560975609757,46.687847673099455
102.0,22,667,2.1124437781109444,46.83164462105229
102.0,23,565,2.1893805309734513,47.04199113206171
103.0,0,899,2.3448275862068964,46.330015044773276
103.0,1,644,2.3059006211180124,46.75422274260496
103.0,2,521,2.3051823416506716,47.09364196772406
103.0,3,381,2.3333333333333335,47.716511925194006
103.0,4,367,2.3678474114441417,47.771693744771575
103.0,5,352,2.340909090909091,47.905646942113854
103.0,6,375,2.248,47.847344550092814
103.0,7,491,2.1710794297352343,47.31840305020877
103.0,8,687,2.11353711790393,46.7868445807426
103.0,9,771,2.105058365758755,46.63217727053361
103.0,10,866,2.1085450346420322,46.48617342200405
103.0,11,1019,2.172718351324828,46.281603916903435
103.0,12,1276,2.1308777429467085,46.10279378948922
103.0,13,1308,2.1659021406727827,46.07124834669245
103.0,14,1472,2.1970108695652173,45.9779561452887
103.0,15,1748,2.216819221967963,45.86892919459077
103.0,16,1766,2.22480181200453,45.861369093846996
103.0,17,1703,2.2096300645918965,45.8853011161865
103.0,18,1627,2.2169637369391517,45.90979918196292
103.0,19,1495,2.1953177257525085,45.96831674081718
103.0,20,1274,2.1915227629513345,46.082297002053444
103.0,21,1175,2.2110638297872343,46.139304860666215
103.0,22,935,2.2278074866310162,46.342150824660756
103.0,23,760,2.225,46.57936506023971
104.0,0,608,2.34375,46.814658990102075
104.0,1,458,2.3624454148471616,47.28883497352618
104.0,2,398,2.419597989949749,47.532268826037445
104.0,3,358,2.405027932960894,47.79448428488979
104.0,4,332,2.433734939759036,47.95687040899634
104.0,5,255,2.368627450980392,48.84785342731979
104.0,6,247,2.299595141700405,49.07152190665037
104.0,7,299,2.260869565217391,48.471984503474324
104.0,8,553,2.209764918625678,47.06314247331597
104.0,9,471,2.1613588110403397,47.41268397055425
104.0,10,531,2.071563088512241,47.25659904992472
104.0,11,498,2.174698795180723,47.287015977119
104.0,12,725,2.1806896551724138,46.66706610484821
104.0,13,557,2.154398563734291,47.09512095114337
104.0,14,654,2.1131498470948014,46.86119971108529
104.0,15,735,2.204081632653061,46.634609336100254
104.0,16,745,2.209395973154362,46.6138259617015
104.0,17,817,2.189718482252142,46.51031569569094
104.0,18,764,2.1780104712041886,46.599817936612105
104.0,19,698,2.2349570200573066,46.68521500808301
104.0,20,684,2.181286549707602,46.74748847575081
104.0,21,709,2.2482369534555713,46.656070712675124
104.0,22,644,2.262422360248447,46.78180689125669
104.0,23,554,2.270758122743682,47.01322665303327
105.0,0,1004,2.314741035856574,46.23603523112071
105.0,1,551,2.292196007259528,47.0065189539498
105.0,2,499,2.3326653306613228,47.15005679918239
105.0,3,401,2.2992518703241895,47.63069581673272
105.0,4,375,2.312,47.777351949800924
105.0,5,307,2.3517915309446256,48.271093033404256
105.0,6,337,2.1394658753709197,48.27518766748034
105.0,7,387,1.9121447028423773,48.19928200497263
105.0,8,617,2.0243111831442464,47.02543584686543
105.0,9,632,1.990506329113924,47.01322665303327
105.0,10,693,1.9942279942279941,46.86119971108529
105.0,11,715,2.0237762237762236,46.79191708494507
105.0,12,941,2.0658873538788525,46.41531809084162
105.0,13,712,1.9620786516853932,46.84463917586836
105.0,14,891,2.0336700336700337,46.49519238547225
105.0,15,1053,2.0455840455840457,46.30842124426708
105.0,16,1001,2.0779220779220777,46.34362672219938
105.0,17,1031,2.099903006789525,46.30339345988976
105.0,18,1127,2.0718722271517303,46.231714500057635
105.0,19,1083,2.132040627885503,46.24199348166146
105.0,20,1006,2.091451292246521,46.331937389222375
105.0,21,948,2.1571729957805905,46.36116548504426
105.0,22,819,2.208791208791209,46.497143182356034
105.0,23,772,2.2033678756476682,46.571954694597785
106.0,0,685,2.3270072992700728,46.656070712675124
106.0,1,484,2.324380165289256,47.21353822358303
106.0,2,448,2.361607142857143,47.33352245425913
106.0,3,432,2.321759259259259,47.443997361970084
106.0,4,379,2.395778364116095,47.666340833616616
106.0,5,255,2.3529411764705883,48.87138003773826
106.0,6,230,2.252173913043478,49.433747779440125
106.0,7,372,2.1370967741935485,48.00000765563511
106.0,8,482,2.1265560165975104,47.39838469763518
106.0,9,485,2.1711340206185565,47.3430887438589
106.0,10,529,2.068052930056711,47.26722649335458
106.0,11,593,2.0708263069139967,47.05461992962492
106.0,12,700,2.1271428571428572,46.75036683695538
106.0,13,622,2.0482315112540195,46.9919473464275
106.0,14,740,2.075675675675676,46.70656427595074
106.0,15,756,2.1455026455026456,46.63298695943989
106.0,16,783,2.151979565772669,46.58385349891873
106.0,17,780,2.1910256410256412,46.56608884167772
106.0,18,713,2.1697054698457223,46.69669696727237
106.0,19,739,2.121786197564276,46.67824381857518
106.0,20,818,2.17481662591687,46.51701301908129
106.0,21,694,2.2161383285302594,46.70475972144956
106.0,22,695,2.1884892086330936,46.72024970407108
106.0,23,556,2.278776978417266,47.001190912625724
107.0,0,660,2.360606060606061,46.68696899157921
107.0,1,394,2.286802030456853,47.68457873903668
107.0,2,307,2.2996742671009773,48.33799912221685
107.0,3,303,2.3696369636963697,48.28754000370429
107.0,4,263,2.376425855513308,48.729279310810675
107.0,5,233,2.3175965665236054,49.266104279203795
107.0,6,204,2.2401960784313726,49.98299950987424
107.0,7,347,2.0547550432276656,48.30835822347397
107.0,8,537,2.031657355679702,47.272584049620775
107.0,9,538,2.0687732342007434,47.23396600103893
107.0,10,586,2.0750853242320817,47.0717491210566
107.0,11,562,2.0373665480427046,47.18044344001911
107.0,12,811,2.1146732429099875,46.561725365372894
107.0,13,619,2.134087237479806,46.93242045948706
107.0,14,711,2.060478199718706,46.773818112953855
107.0,15,845,2.1218934911242604,46.50765768379771
107.0,16,734,2.1335149863760217,46.679979938567556
107.0,17,714,2.1260504201680672,46.723019245255905
107.0,18,742,2.150943396226415,46.65439501236419
107.0,19,730,2.163013698630137,46.66877377329697
107.0,20,726,2.1611570247933884,46.67737741834954
107.0,21,665,2.1924812030075187,46.780803499606
107.0,22,573,2.195462478184991,47.01322665303327
107.0,23,529,2.264650283553875,47.09808632524453
108.0,0,581,2.3476764199655764,46.88155314307771
108.0,1,403,2.315136476426799,47.60343946788596
108.0,2,368,2.3369565217391304,47.79736291561112
108.0,3,366,2.412568306010929,47.732803998086275
108.0,4,321,2.3271028037383177,48.17229011610654
108.0,5,270,2.314814814814815,48.729279310810675
108.0,6,282,2.2836879432624113,48.62866140478741
108.0,7,471,2.1613588110403397,47.41268397055425
108.0,8,761,2.134034165571616,46.63136857878116
108.0,9,622,2.1189710610932475,46.93609320287463
108.0,10,623,2.130016051364366,46.92512479138636
108.0,11,664,2.1039156626506026,46.84463917586836
108.0,12,802,2.1608478802992517,46.54881622341396
108.0,13,661,2.151285930408472,46.817814680240375
108.0,14,738,2.16260162601626,46.65439501236419
108.0,15,853,2.17936694021102,46.46545191506697
108.0,16,811,2.1134401972872996,46.5624504899358
108.0,17,788,2.1472081218274113,46.578620081991666
108.0,18,790,2.178481012658228,46.55739231423696
108.0,19,772,2.133419689119171,46.61303970541908
108.0,20,776,2.181701030927835,46.57787598381243
108.0,21,697,2.1563845050215207,46.737032791969554
108.0,22,633,2.18957345971564,46.85674851960899
108.0,23,556,2.1744604316546763,47.08189817878659
109.0,0,819,2.3235653235653237,46.43894116245382
109.0,1,627,2.331738437001595,46.77680365929121
109.0,2,523,2.372848948374761,47.03643712958786
109.0,3,538,2.399628252788104,46.9699160116545
109.0,4,434,2.3940092165898617,47.37036417822882
109.0,5,379,2.3825857519788918,47.67933905603671
109.0,6,339,2.2330383480825957,48.13459621582176
109.0,7,442,2.1334841628959276,47.579212770077504
109.0,8,693,2.1154401154401152,46.77282564620869
109.0,9,838,2.1372315035799523,46.50898520565058
109.0,10,992,2.160282258064516,46.313500643789666
109.0,11,1028,2.154669260700389,46.28116927037867
109.0,12,1308,2.2155963302752295,46.054372873490465
109.0,13,1167,2.221936589545844,46.140886894981904
109.0,14,1277,2.207517619420517,46.07498492375879
109.0,15,1414,2.1732673267326734,46.01248728072611
109.0,16,1385,2.192779783393502,46.02070937983128
109.0,17,1468,2.239100817438692,45.96732882649368
109.0,18,1416,2.231638418079096,45.99339063160983
109.0,19,1340,2.2246268656716417,46.033894036274035
109.0,20,1221,2.2334152334152333,46.10049402586636
109.0,21,1134,2.2098765432098766,46.16942487488921
109.0,22,939,2.2673056443024495,46.32004124637744
109.0,23,770,2.2883116883116883,46.5285729337391
110.0,0,1033,2.3378509196515003,46.20147507527886
110.0,1,753,2.305444887118194,46.54669072625002
110.0,2,675,2.3407407407407406,46.66791939867118
110.0,3,638,2.404388714733542,46.70837353593953
110.0,4,668,2.410179640718563,46.64278168064405
110.0,5,390,2.4076923076923076,47.58884152792854
110.0,6,387,2.2997416020671833,47.71381793636182
110.0,7,518,2.193050193050193,47.19519188559942
110.0,8,655,2.1297709923664123,46.8468266702215
110.0,9,667,2.1049475262368817,46.837032024031295
110.0,10,791,2.1289506953223767,46.58460468159947
110.0,11,826,2.162227602905569,46.512317017915706
110.0,12,1003,2.132602193419741,46.315360650856974
110.0,13,944,2.1207627118644066,46.383552625744215
110.0,14,1132,2.1775618374558303,46.18357217039589
110.0,15,1268,2.201104100946372,46.08257053667813
110.0,16,1312,2.169207317073171,46.067811584827425
110.0,17,1387,2.2025955299206923,46.01657410805547
110.0,18,1458,2.2222222222222223,45.97673560032436
110.0,19,1303,2.1941673062164235,46.064406077180124
110.0,20,1311,2.227307398932113,46.04883135219021
110.0,21,1254,2.2639553429027113,46.069658237889044
110.0,22,1017,2.287118977384464,46.23524660397835
110.0,23,888,2.30518018018018,46.360147113162974
111.0,0,281,2.316725978647687,48.59307216241925
111.0,1,203,2.3596059113300494,49.76878024432692
111.0,2,212,2.44811320754717,49.42581929020141
111.0,3,191,2.4293193717277486,49.912635364362856
111.0,4,168,2.4761904761904763,50.44268615280298
111.0,5,100,2.48,53.913663896459255
111.0,6,146,2.308219178082192,51.64382003639973
111.0,7,194,2.2010309278350517,50.31069067933506
111.0,8,258,2.205426356589147,49.0649267220421
111.0,9,318,2.2169811320754715,48.34228158641213
111.0,10,293,2.1877133105802047,48.64415188625499
111.0,11,321,2.1713395638629285,48.37698367791128
111.0,12,508,2.3031496062992125,47.14066605592786
111.0,13,351,2.2763532763532766,47.986585148545814
111.0,14,407,2.176904176904177,47.72463037912395
111.0,15,414,2.1714975845410627,47.689841735420416
111.0,16,393,2.16793893129771,47.82063522594974
111.0,17,481,2.2827442827442828,47.26012862585437
111.0,18,448,2.2120535714285716,47.46973058696409
111.0,19,411,2.265206812652068,47.60834726080398
111.0,20,395,2.232911392405063,47.73554089392928
111.0,21,349,2.232091690544413,48.05507611860993
111.0,22,306,2.303921568627451,48.34228158641213
111.0,23,267,2.247191011235955,48.87138003773826
112.0,0,390,2.3205128205128207,47.674122531856625
112.0,1,235,2.225531914893617,49.394408525951675
112.0,2,212,2.2783018867924527,49.731927918200384
112.0,3,154,2.2532467532467533,51.46154458476136
112.0,4,152,2.3421052631578947,51.30625204408182
112.0,5,108,2.25,54.090511674893634
112.0,6,107,2.1121495327102804,54.75032604115853
112.0,7,230,2.0652173913043477,49.80625324120926
112.0,8,347,2.1095100864553316,48.23076200650732
112.0,9,393,2.0254452926208653,47.99663938202822
112.0,10,471,2.0658174097664546,47.50952055305194
112.0,11,473,2.0380549682875264,47.5299727607247
112.0,12,616,2.1266233766233764,46.945969424788075
112.0,13,493,2.0953346855983774,47.38227997095107
112.0,14,588,2.062925170068027,47.0760843739581
112.0,15,597,2.102177554438861,47.01727692742806
112.0,16,595,2.100840336134454,47.024070587679574
112.0,17,594,2.1077441077441077,47.02134661208352
112.0,18,567,2.1410934744268078,47.07463690895859
112.0,19,554,2.11913357400722,47.13445888662162
112.0,20,467,2.08779443254818,47.50502689420373
112.0,21,402,2.0945273631840795,47.850347498650464
112.0,22,315,2.0793650793650795,48.57307698502767
112.0,23,285,2.2140350877192985,48.69685061877014
113.0,0,730,2.267123287671233,46.60678386087106
113.0,1,560,2.2625,47.001190912625724
113.0,2,410,2.3536585365853657,47.52768145409653
113.0,3,352,2.366477272727273,47.877698483892864
113.0,4,295,2.2779661016949153,48.49075309061079
113.0,5,281,2.2384341637010676,48.70759144151807
113.0,6,369,2.168021680216802,47.98325049444082
113.0,7,458,2.1244541484716155,47.50952055305194
113.0,8,643,2.0777604976671853,46.914304157897185
113.0,9,608,2.0115131578947367,47.061716242237665
113.0,10,721,2.116504854368932,46.715658000796104
113.0,11,689,2.0798258345428158,46.806308412988024
113.0,12,940,2.072340425531915,46.41306664068496
113.0,13,727,2.075653370013755,46.7313939413635
113.0,14,850,2.0952941176470588,46.51566753771741
113.0,15,899,2.060066740823137,46.469785678756836
113.0,16,998,2.097194388777555,46.337261723083536
113.0,17,983,2.0976602238046795,46.352572293216696
113.0,18,1066,2.123827392120075,46.26034194578252
113.0,19,1056,2.115530303030303,46.27298491912049
113.0,20,1016,2.1289370078740157,46.304303798859095
113.0,21,845,2.139644970414201,46.49779488662473
113.0,22,857,2.1890315052508753,46.45506170672005
113.0,23,694,2.211815561959654,46.707468316609635
114.0,0,947,2.2819429778247096,46.305215822861236
114.0,1,678,2.228613569321534,46.729524276139394
114.0,2,596,2.25,46.90835545434257
114.0,3,616,2.323051948051948,46.80838730404105
114.0,4,549,2.4025500910746813,46.93486709875157
114.0,5,329,2.2036474164133737,48.258876904429684
114.0,6,368,2.2472826086956523,47.89626319938992
114.0,7,589,2.0152801358234296,47.114574504745505
114.0,8,763,2.001310615989515,46.714743268552326
114.0,9,874,2.0366132723112127,46.51633990045515
114.0,10,972,2.0267489711934155,46.40084709496161
114.0,11,902,2.0044345898004434,46.49779488662473
114.0,12,1266,2.104265402843602,46.118978570221856
114.0,13,1062,2.0338983050847457,46.30567246821231
114.0,14,1126,2.049733570159858,46.24239345203283
114.0,15,1259,2.0714853057982525,46.136158990282325
114.0,16,1235,2.0987854251012146,46.141204034268334
114.0,17,1298,2.1016949152542375,46.100207503813095
114.0,18,1284,2.1043613707165107,46.10772600367278
114.0,19,1282,2.1060842433697347,46.108310347479545
114.0,20,1230,2.140650406504065,46.128398858059256
114.0,21,1080,2.1657407407407407,46.230153401065735
114.0,22,1025,2.158048780487805,46.28247438892184
114.0,23,868,2.2235023041474653,46.42327165932251
115.0,0,1143,2.321084864391951,46.12229605373577
115.0,1,864,2.3356481481481484,46.375111073623735
115.0,2,799,2.291614518147685,46.48298578804049
115.0,3,827,2.362756952841596,46.409706748844215
115.0,4,804,2.334577114427861,46.45445637915363
115.0,5,481,2.3471933471933473,47.2068254641179
115.0,6,392,2.25765306122449,47.7273487616263
115.0,7,558,2.193548387096774,47.06029234160229
115.0,8,660,2.159090909090909,46.814658990102075
115.0,9,746,2.160857908847185,46.64113910022706
115.0,10,750,2.092,46.67737741834954
115.0,11,725,2.113103448275862,46.71018751984474
115.0,12,926,2.1177105831533476,46.40581286093495
115.0,13,761,2.1498028909329827,46.621741390168204
115.0,14,888,2.130630630630631,46.445453251395136
115.0,15,1029,2.2137998056365404,46.254555852219184
115.0,16,1009,2.1932606541129833,46.28203895624024
115.0,17,1000,2.234,46.27298491912049
115.0,18,1077,2.212627669452182,46.21332720400038
115.0,19,1014,2.225838264299803,46.263261910589186
115.0,20,1056,2.225378787878788,46.22588778110757
115.0,21,1010,2.214851485148515,46.27170536205133
115.0,22,1027,2.2570593962999026,46.23840927779864
115.0,23,891,2.2626262626262625,46.37615893990258
116.0,0,10,2.4,100.0
116.0,1,7,2.142857142857143,100.0
116.0,2,5,2.2,100.0
116.0,4,5,1.8,100.0
116.0,5,4,2.0,100.0
116.0,6,2,2.5,100.0
116.0,7,5,1.6,100.0
116.0,8,13,2.0,100.0
116.0,9,11,2.090909090909091,100.0
116.0,10,6,2.1666666666666665,100.0
116.0,11,7,1.7142857142857142,100.0
116.0,12,4,2.75,100.0
116.0,13,5,2.0,100.0
116.0,14,12,2.1666666666666665,100.0
116.0,15,19,1.894736842105263,100.0
116.0,16,19,2.210526315789474,96.06912148154542
116.0,17,18,2.0555555555555554,100.0
116.0,18,16,2.0625,100.0
116.0,19,12,2.0833333333333335,100.0
116.0,20,13,2.3076923076923075,100.0
116.0,21,11,2.090909090909091,100.0
116.0,22,10,2.1,100.0
116.0,23,9,2.4444444444444446,100.0
120.0,0,806,2.207196029776675,46.51701301908129
120.0,1,550,2.1818181818181817,47.09512095114337
120.0,2,427,2.1756440281030445,47.613276185230795
120.0,3,362,2.24585635359116,47.940646494208835
120.0,4,312,2.2051282051282053,48.41698817837678
120.0,5,238,2.189075630252101,49.41005361870178
120.0,6,307,2.1042345276872965,48.61841434738729
120.0,7,456,2.037280701754386,47.613276185230795
120.0,8,670,2.0597014925373136,46.86343498332665
120.0,9,681,1.9955947136563876,46.88730255911351
120.0,10,764,2.013089005235602,46.70475972144956
120.0,11,877,2.015963511972634,46.52446757943189
120.0,12,1085,2.0792626728110597,46.26368052763087
120.0,13,997,2.0812437311935805,46.34609603510938
120.0,14,1129,2.0504871567759078,46.23960091591516
120.0,15,1197,2.08187134502924,46.174203318767525
120.0,16,1046,2.0478011472275335,46.313964994293514
120.0,17,1043,2.0584851390220518,46.31164756734954
120.0,18,1014,2.0414201183431953,46.34857727706726
120.0,19,1105,2.1058823529411765,46.23485279876157
120.0,20,1121,2.103479036574487,46.222810509126035
120.0,21,979,2.1174668028600614,46.347087095573016
120.0,22,930,2.163440860215054,46.37826092215975
120.0,23,703,2.182076813655761,46.70837353593953
121.0,0,528,2.1553030303030303,47.19189429329529
121.0,1,352,2.1392045454545454,48.149553636014446
121.0,2,320,2.1625,48.39907993378818
121.0,3,244,2.1557377049180326,49.37116396324405
121.0,4,222,2.2072072072072073,49.66888411743393
121.0,5,194,2.0257731958762886,50.7425537320138
121.0,6,188,2.1382978723404253,50.62112779468249
121.0,7,288,1.9895833333333333,49.0387761820247
121.0,8,610,2.045901639344262,47.026803293966644
121.0,9,500,2.008,47.44188069314795
121.0,10,544,1.9926470588235294,47.28520033679375
121.0,11,611,1.911620294599018,47.14378558365282
121.0,12,875,2.029714285714286,46.51903692305854
121.0,13,751,2.0386151797603196,46.71109628905133
121.0,14,832,2.0240384615384617,46.58460468159947
121.0,15,863,1.9976825028968714,46.55523709883727
121.0,16,877,2.025085518814139,46.51903692305854
121.0,17,910,2.010989010989011,46.483621921332016
121.0,18,827,1.9721886336154777,46.62573550275441
121.0,19,730,2.0712328767123287,46.72859129835395
121.0,20,674,2.0578635014836797,46.85563973326792
121.0,21,600,2.091666666666667,47.01727692742806
121.0,22,549,2.1384335154826957,47.13445888662162
121.0,23,497,2.124748490945674,47.3373380993154
122.0,0,383,2.1592689295039165,47.89626319938992
122.0,1,316,2.1740506329113924,48.42149782366619
122.0,2,254,2.2283464566929134,49.08478218948465
122.0,3,205,2.2585365853658534,49.92255712138189
122.0,4,180,2.2944444444444443,50.479905215429525
122.0,5,157,2.261146496815287,51.3231179319115
122.0,6,174,2.160919540229885,50.98777384304282
122.0,7,282,1.9893617021276595,49.11834654175681
122.0,8,388,2.0128865979381443,48.04806916789531
122.0,9,451,1.9955654101995566,47.687207313341666
122.0,10,526,2.0228136882129277,47.322161586272045
122.0,11,511,2.003913894324853,47.40041548165187
122.0,12,753,2.0119521912350598,46.72579975492067
122.0,13,488,2.0204918032786887,47.480637629167006
122.0,14,567,1.9894179894179893,47.208499190713255
122.0,15,657,1.9923896499238964,46.9472124404949
122.0,16,637,2.0549450549450547,46.94721244049491
122.0,17,641,2.074882995319813,46.92150164192733
122.0,18,588,2.0476190476190474,47.08921975816465
122.0,19,564,2.030141843971631,47.18044344001911
122.0,20,579,2.0725388601036268,47.09512095114337
122.0,21,516,2.0387596899224807,47.34501291389626
122.0,22,377,2.116710875331565,47.9899281601799
122.0,23,380,2.168421052631579,47.905646942113854
123.0,0,279,2.21505376344086,48.76790863463565
123.0,1,199,2.1557788944723617,50.2874187501286
123.0,2,176,2.164772727272727,50.91337867272137
123.0,3,171,2.245614035087719,50.86967151015752
123.0,4,127,2.251968503937008,52.77169719291866
123.0,5,78,2.230769230769231,57.56892453072015
123.0,6,87,2.1149425287356323,56.90316025538474
123.0,7,120,1.975,54.312578758699836
123.0,8,189,2.0793650793650795,50.7425537320138
123.0,9,228,2.0657894736842106,49.844362722115086
123.0,10,255,2.074509803921569,49.34818304396978
123.0,11,227,1.960352422907489,50.10877400817516
123.0,12,345,2.0985507246376813,48.26293769868366
123.0,13,272,2.0588235294117645,49.12513133582325
123.0,14,285,1.912280701754386,49.22989104604182
123.0,15,328,2.033536585365854,48.514530386158484
123.0,16,300,2.0233333333333334,48.830411953368696
123.0,17,324,2.052469135802469,48.52414141930618
123.0,18,296,1.9831081081081081,48.950055908694765
123.0,19,315,1.9238095238095239,48.83620659047896
123.0,20,315,2.041269841269841,48.63380883797596
123.0,21,231,2.0216450216450217,49.88312504209424
123.0,22,246,2.089430894308943,49.46577023792177
123.0,23,239,2.1129707112970713,49.539675535665054
